playerID,yearID,inducted,category
cobbty01,1936,Y,Player
ruthba01,1936,Y,Player
wagneho01,1936,Y,Player
mathech01,1936,Y,Player
johnswa01,1936,Y,Player
lajoina01,1936,N,Player
speaktr01,1936,N,Player
youngcy01,1936,N,Player
hornsro01,1936,N,Player
cochrmi01,1936,N,Player
sislege01,1936,N,Player
collied01,1936,N,Player
colliji01,1936,N,Player
alexape01,1936,N,Player
gehrilo01,1936,N,Player
bresnro01,1936,N,Player
keelewi01,1936,N,Player
ansonca01,1936,N,Player
ewingbu01,1936,N,Player
keelewi01,1936,N,Player
wadderu01,1936,N,Player
youngcy01,1936,N,Player
delahed01,1936,N,Player
foxxji01,1936,N,Player
walshed01,1936,N,Player
mcgrajo01,1936,N,Player
delahed01,1936,N,Player
radboch01,1936,N,Player
traynpi01,1936,N,Player
kellyki01,1936,N,Player
longhe01,1936,N,Player
friscfr01,1936,N,Player
grovele01,1936,N,Player
jennihu01,1936,N,Player
rusieam01,1936,N,Player
chaseha01,1936,N,Player
youngro01,1936,N,Player
clarkfr01,1936,N,Player
terrybi01,1936,N,Player
colliji01,1936,N,Player
klingjo01,1936,N,Player
crigelo01,1936,N,Player
comisch01,1936,N,Player
dennyje01,1936,N,Player
langebi01,1936,N,Player
robinwi01,1936,N,Player
stoveha01,1936,N,Player
wrighge01,1936,N,Player
brownmo01,1936,N,Player
eversjo01,1936,N,Player
clarkjo01,1936,N,Player
wagneho01,1936,N,Player
chancfr01,1936,N,Player
spaldal01,1936,N,Player
mcgrajo01,1936,N,Player
schalra01,1936,N,Player
simmoal01,1936,N,Player
barnero01,1936,N,Player
bennech01,1936,N,Player
duffyhu01,1936,N,Player
nichoki01,1936,N,Player
wardjo01,1936,N,Player
broutda01,1936,N,Player
dunlafr01,1936,N,Player
glassja01,1936,N,Player
hamilbi01,1936,N,Player
lajoina01,1936,N,Player
willine01,1936,N,Player
bendech01,1936,N,Player
jacksjo01,1936,N,Player
roushed01,1936,N,Player
allisdo01,1936,N,Player
battijo01,1936,N,Player
becklja01,1936,N,Player
bondto01,1936,N,Player
burkeje01,1936,N,Player
crigelo01,1936,N,Player
dahlebi01,1936,N,Player
daubeja01,1936,N,Player
doyleja01,1936,N,Player
keefeti01,1936,N,Player
kilroma01,1936,N,Player
lathaar01,1936,N,Player
lowebo01,1936,N,Player
mcaleji01,1936,N,Player
mccarto01,1936,N,Player
mcveyca01,1936,N,Player
paborch01,1936,N,Player
pikeli01,1936,N,Player
remseja01,1936,N,Player
richaha01,1936,N,Player
tennefr02,1936,N,Player
vanhage01,1936,N,Player
wallabo01,1936,N,Player
whitede01,1936,N,Player
bakerfr01,1936,N,Player
bradlbi01,1936,N,Player
clarkfr01,1936,N,Player
crawfsa01,1936,N,Player
elberki01,1936,N,Player
mackco01,1936,N,Player
marquru01,1936,N,Player
ruckena01,1936,N,Player
vanceda01,1936,N,Player
cummica01,1936,N,Player
flintsi01,1936,N,Player
richmle01,1936,N,Player
gehrich01,1936,N,Player
hartnga01,1936,N,Player
sullibi03,1936,N,Player
lajoina01,1937,Y,Player
speaktr01,1937,Y,Player
youngcy01,1937,Y,Player
alexape01,1937,N,Player
collied01,1937,N,Player
keelewi01,1937,N,Player
sislege01,1937,N,Player
delahed01,1937,N,Player
wadderu01,1937,N,Player
colliji01,1937,N,Player
walshed01,1937,N,Player
hornsro01,1937,N,Player
chancfr01,1937,N,Player
eversjo01,1937,N,Player
bresnro01,1937,N,Player
brownmo01,1937,N,Player
maranra01,1937,N,Player
schalra01,1937,N,Player
planked01,1937,N,Player
clarkfr01,1937,N,Player
klingjo01,1937,N,Player
chaseha01,1937,N,Player
bendech01,1937,N,Player
crigelo01,1937,N,Player
youngro01,1937,N,Player
pennohe01,1937,N,Player
tinkejo01,1937,N,Player
bakerfr01,1937,N,Player
marquru01,1937,N,Player
woodjo02,1937,N,Player
mcginjo01,1937,N,Player
jossad01,1937,N,Player
ruckena01,1937,N,Player
heilmha01,1937,N,Player
roushed01,1937,N,Player
vanceda01,1937,N,Player
adamsba01,1937,N,Player
duffyhu01,1937,N,Player
archeji01,1937,N,Player
careyma01,1937,N,Player
donlimi01,1937,N,Player
hoopeha01,1937,N,Player
bradlbi01,1937,N,Player
carribi02,1937,N,Player
crawfsa01,1937,N,Player
tennefr02,1937,N,Player
wheatza01,1937,N,Player
combsea01,1937,N,Player
jennihu01,1937,N,Player
altroni01,1937,N,Player
bancrda01,1937,N,Player
burnsge01,1937,N,Player
donovbi01,1937,N,Player
faberre01,1937,N,Player
lewisdu01,1937,N,Player
nehfar01,1937,N,Player
peckiro01,1937,N,Player
bergema01,1937,N,Player
bodiepi01,1937,N,Player
coombja01,1937,N,Player
cravaga01,1937,N,Player
daubeja01,1937,N,Player
doylela01,1937,N,Player
fletcar01,1937,N,Player
gowdyha01,1937,N,Player
loberha01,1937,N,Player
mageesh01,1937,N,Player
schreos01,1937,N,Player
scottev01,1937,N,Player
breitte01,1937,N,Player
burkeje01,1937,N,Player
bushdo01,1937,N,Player
chesbja01,1937,N,Player
cissebi01,1937,N,Player
collish01,1937,N,Player
dooinre01,1937,N,Player
duganjo01,1937,N,Player
elberki01,1937,N,Player
falkecy01,1937,N,Player
gleaski01,1937,N,Player
grimebu01,1937,N,Player
grohhe01,1937,N,Player
hinchbi01,1937,N,Player
judgejo01,1937,N,Player
kerrdi01,1937,N,Player
leachto01,1937,N,Player
leevesa01,1937,N,Player
longhe01,1937,N,Player
luquedo01,1937,N,Player
mcinnst01,1937,N,Player
mcleala01,1937,N,Player
meusebo01,1937,N,Player
milleha01,1937,N,Player
moranpa01,1937,N,Player
murphda02,1937,N,Player
murrare01,1937,N,Player
paskedo01,1937,N,Player
raymobu01,1937,N,Player
rixeyep01,1937,N,Player
rudoldi01,1937,N,Player
rusieam01,1937,N,Player
schulfr01,1937,N,Player
seweljo01,1937,N,Player
steinha01,1937,N,Player
streega01,1937,N,Player
sullibi03,1937,N,Player
veachbo01,1937,N,Player
wallabo01,1937,N,Player
wilsoha01,1937,N,Player
alexape01,1938,Y,Player
sislege01,1938,N,Player
keelewi01,1938,N,Player
collied01,1938,N,Player
wadderu01,1938,N,Player
chancfr01,1938,N,Player
delahed01,1938,N,Player
walshed01,1938,N,Player
eversjo01,1938,N,Player
colliji01,1938,N,Player
maranra01,1938,N,Player
bresnro01,1938,N,Player
clarkfr01,1938,N,Player
brownmo01,1938,N,Player
hornsro01,1938,N,Player
schalra01,1938,N,Player
youngro01,1938,N,Player
planked01,1938,N,Player
pennohe01,1938,N,Player
mcginjo01,1938,N,Player
bendech01,1938,N,Player
bakerfr01,1938,N,Player
klingjo01,1938,N,Player
duffyhu01,1938,N,Player
jennihu01,1938,N,Player
jossad01,1938,N,Player
tinkejo01,1938,N,Player
heilmha01,1938,N,Player
ruckena01,1938,N,Player
adamsba01,1938,N,Player
crawfsa01,1938,N,Player
crigelo01,1938,N,Player
marquru01,1938,N,Player
vanceda01,1938,N,Player
roushed01,1938,N,Player
gowdyha01,1938,N,Player
rusieam01,1938,N,Player
tennefr02,1938,N,Player
altroni01,1938,N,Player
archeji01,1938,N,Player
combsea01,1938,N,Player
terrybi01,1938,N,Player
wallabo01,1938,N,Player
wheatza01,1938,N,Player
careyma01,1938,N,Player
woodjo02,1938,N,Player
donlimi01,1938,N,Player
lewisdu01,1938,N,Player
nehfar01,1938,N,Player
carribi02,1938,N,Player
dinnebi01,1938,N,Player
doylela01,1938,N,Player
hoopeha01,1938,N,Player
mcinnst01,1938,N,Player
barryja01,1938,N,Player
burnsge01,1938,N,Player
fletcar01,1938,N,Player
grohhe01,1938,N,Player
kerrdi01,1938,N,Player
nichoki01,1938,N,Player
traynpi01,1938,N,Player
bancrda01,1938,N,Player
bradlbi01,1938,N,Player
burkeje01,1938,N,Player
chesbja01,1938,N,Player
coombja01,1938,N,Player
cravaga01,1938,N,Player
elberki01,1938,N,Player
fosteed02,1938,N,Player
judgejo01,1938,N,Player
mageesh01,1938,N,Player
peckiro01,1938,N,Player
rixeyep01,1938,N,Player
schreos01,1938,N,Player
scottev01,1938,N,Player
beaumgi01,1938,N,Player
bergema01,1938,N,Player
chapmra01,1938,N,Player
coaklan01,1938,N,Player
coopewi01,1938,N,Player
covelst01,1938,N,Player
cranddo01,1938,N,Player
cruiswa01,1938,N,Player
dahlebi01,1938,N,Player
daubeja01,1938,N,Player
donovbi01,1938,N,Player
dooinre01,1938,N,Player
duganjo01,1938,N,Player
ehmkeho01,1938,N,Player
faberre01,1938,N,Player
flickel01,1938,N,Player
gleaski01,1938,N,Player
granted01,1938,N,Player
grimebu01,1938,N,Player
herzobu01,1938,N,Player
irwinch01,1938,N,Player
jonesfi01,1938,N,Player
lathaar01,1938,N,Player
loberha01,1938,N,Player
longhe01,1938,N,Player
luquedo01,1938,N,Player
marbefi01,1938,N,Player
meusebo01,1938,N,Player
milancl01,1938,N,Player
moranpa01,1938,N,Player
murrare01,1938,N,Player
perduhu01,1938,N,Player
ricesa01,1938,N,Player
sheckji01,1938,N,Player
shockur01,1938,N,Player
stahlja01,1938,N,Player
streega01,1938,N,Player
thomair01,1938,N,Player
willicy01,1938,N,Player
zimmech01,1938,N,Player
sislege01,1939,Y,Player
collied01,1939,Y,Player
keelewi01,1939,Y,Player
wadderu01,1939,N,Player
hornsro01,1939,N,Player
chancfr01,1939,N,Player
delahed01,1939,N,Player
walshed01,1939,N,Player
eversjo01,1939,N,Player
maranra01,1939,N,Player
colliji01,1939,N,Player
bresnro01,1939,N,Player
clarkfr01,1939,N,Player
brownmo01,1939,N,Player
bendech01,1939,N,Player
pennohe01,1939,N,Player
schalra01,1939,N,Player
duffyhu01,1939,N,Player
youngro01,1939,N,Player
jennihu01,1939,N,Player
mcginjo01,1939,N,Player
bakerfr01,1939,N,Player
cochrmi01,1939,N,Player
jossad01,1939,N,Player
planked01,1939,N,Player
friscfr01,1939,N,Player
terrybi01,1939,N,Player
vanceda01,1939,N,Player
klingjo01,1939,N,Player
ruckena01,1939,N,Player
tinkejo01,1939,N,Player
adamsba01,1939,N,Player
traynpi01,1939,N,Player
heilmha01,1939,N,Player
roushed01,1939,N,Player
careyma01,1939,N,Player
dinnebi01,1939,N,Player
nichoki01,1939,N,Player
altroni01,1939,N,Player
chesbja01,1939,N,Player
crawfsa01,1939,N,Player
lewisdu01,1939,N,Player
rusieam01,1939,N,Player
donlimi01,1939,N,Player
hoopeha01,1939,N,Player
kerrdi01,1939,N,Player
wallabo01,1939,N,Player
gowdyha01,1939,N,Player
marquru01,1939,N,Player
mcinnst01,1939,N,Player
wheatza01,1939,N,Player
archeji01,1939,N,Player
combsea01,1939,N,Player
faberre01,1939,N,Player
tennefr02,1939,N,Player
bushdo01,1939,N,Player
carribi02,1939,N,Player
cravaga01,1939,N,Player
crigelo01,1939,N,Player
donovbi01,1939,N,Player
ewingbu01,1939,N,Player
granted01,1939,N,Player
loberha01,1939,N,Player
schreos01,1939,N,Player
woodjo02,1939,N,Player
bancrda01,1939,N,Player
barryja01,1939,N,Player
bergema01,1939,N,Player
bradlbi01,1939,N,Player
burnsge01,1939,N,Player
coopewi01,1939,N,Player
crossla01,1939,N,Player
daubeja01,1939,N,Player
doylela01,1939,N,Player
fletcar01,1939,N,Player
frasech01,1939,N,Player
gleaski01,1939,N,Player
grimebu01,1939,N,Player
grimmch01,1939,N,Player
hahnno01,1939,N,Player
haineje01,1939,N,Player
hoytwa01,1939,N,Player
irwinch01,1939,N,Player
jonessa01,1939,N,Player
kellejo01,1939,N,Player
knabeot01,1939,N,Player
leachto01,1939,N,Player
longhe01,1939,N,Player
luquedo01,1939,N,Player
mageesh01,1939,N,Player
moranpa01,1939,N,Player
nehfar01,1939,N,Player
peckiro01,1939,N,Player
peitzhe01,1939,N,Player
perduhu01,1939,N,Player
phillde01,1939,N,Player
schacal01,1939,N,Player
scottev01,1939,N,Player
shockur01,1939,N,Player
stahlja01,1939,N,Player
steinha01,1939,N,Player
wilsoha01,1939,N,Player
ansonca01,1939,Y,Player
ewingbu01,1939,Y,Player
gehrilo01,1939,Y,Player
radboch01,1939,Y,Player
hornsro01,1942,Y,Player
chancfr01,1942,N,Player
wadderu01,1942,N,Player
walshed01,1942,N,Player
delahed01,1942,N,Player
eversjo01,1942,N,Player
cochrmi01,1942,N,Player
friscfr01,1942,N,Player
duffyhu01,1942,N,Player
pennohe01,1942,N,Player
colliji01,1942,N,Player
maranra01,1942,N,Player
jennihu01,1942,N,Player
brownmo01,1942,N,Player
planked01,1942,N,Player
mcginjo01,1942,N,Player
clarkfr01,1942,N,Player
bresnro01,1942,N,Player
bendech01,1942,N,Player
schalra01,1942,N,Player
traynpi01,1942,N,Player
youngro01,1942,N,Player
bakerfr01,1942,N,Player
vanceda01,1942,N,Player
terrybi01,1942,N,Player
tinkejo01,1942,N,Player
jossad01,1942,N,Player
klingjo01,1942,N,Player
ruckena01,1942,N,Player
adamsba01,1942,N,Player
gowdyha01,1942,N,Player
nichoki01,1942,N,Player
burkeje01,1942,N,Player
heilmha01,1942,N,Player
granted01,1942,N,Player
wheatza01,1942,N,Player
bushdo01,1942,N,Player
crawfsa01,1942,N,Player
martipe01,1942,N,Player
peckiro01,1942,N,Player
wallabo01,1942,N,Player
beaumgi01,1942,N,Player
becklja01,1942,N,Player
boleyjo01,1942,N,Player
bradlbi01,1942,N,Player
crossla01,1942,N,Player
dinnebi01,1942,N,Player
dunnja01,1942,N,Player
elberki01,1942,N,Player
faberre01,1942,N,Player
hamilbi01,1942,N,Player
hermaba01,1942,N,Player
hoytwa01,1942,N,Player
kellejo01,1942,N,Player
kerrdi01,1942,N,Player
lathaar01,1942,N,Player
lowebo01,1942,N,Player
mageesh01,1942,N,Player
phillde01,1942,N,Player
roushed01,1942,N,Player
rusieam01,1942,N,Player
schaege01,1942,N,Player
scottev01,1942,N,Player
steinha01,1942,N,Player
tennefr02,1942,N,Player
wambsbi01,1942,N,Player
wilsoha01,1942,N,Player
woodjo02,1942,N,Player
chancfr01,1945,N,Player
wadderu01,1945,N,Player
walshed01,1945,N,Player
eversjo01,1945,N,Player
bresnro01,1945,N,Player
cochrmi01,1945,N,Player
colliji01,1945,N,Player
delahed01,1945,N,Player
friscfr01,1945,N,Player
jennihu01,1945,N,Player
traynpi01,1945,N,Player
duffyhu01,1945,N,Player
clarkfr01,1945,N,Player
maranra01,1945,N,Player
tinkejo01,1945,N,Player
brownmo01,1945,N,Player
pennohe01,1945,N,Player
mcginjo01,1945,N,Player
bendech01,1945,N,Player
planked01,1945,N,Player
schalra01,1945,N,Player
terrybi01,1945,N,Player
grovele01,1945,N,Player
bakerfr01,1945,N,Player
hubbeca01,1945,N,Player
jossad01,1945,N,Player
youngro01,1945,N,Player
vanceda01,1945,N,Player
deandi01,1945,N,Player
dickebi01,1945,N,Player
klingjo01,1945,N,Player
gehrich01,1945,N,Player
ruckena01,1945,N,Player
adamsba01,1945,N,Player
gomezle01,1945,N,Player
heilmha01,1945,N,Player
nichoki01,1945,N,Player
roushed01,1945,N,Player
crawfsa01,1945,N,Player
lyonste01,1945,N,Player
carribi02,1945,N,Player
donovbi01,1945,N,Player
gowdyha01,1945,N,Player
greenha01,1945,N,Player
wallabo01,1945,N,Player
burkeje01,1945,N,Player
elberki01,1945,N,Player
granted01,1945,N,Player
hartnga01,1945,N,Player
lowebo01,1945,N,Player
phillde01,1945,N,Player
wheatza01,1945,N,Player
beaumgi01,1945,N,Player
bushdo01,1945,N,Player
camniho01,1945,N,Player
careyma01,1945,N,Player
combsea01,1945,N,Player
conrowi01,1945,N,Player
davisha01,1945,N,Player
dimagjo01,1945,N,Player
dinnebi01,1945,N,Player
donlimi01,1945,N,Player
dunnja01,1945,N,Player
gleaski01,1945,N,Player
gordojo01,1945,N,Player
grimmch01,1945,N,Player
grohhe01,1945,N,Player
kerrdi01,1945,N,Player
lazzeto01,1945,N,Player
lewisdu01,1945,N,Player
longhe01,1945,N,Player
mageesh01,1945,N,Player
martipe01,1945,N,Player
meusebo01,1945,N,Player
moranpa01,1945,N,Player
mungova01,1945,N,Player
murphda02,1945,N,Player
ritchcl01,1945,N,Player
rixeyep01,1945,N,Player
rootch01,1945,N,Player
rusieam01,1945,N,Player
seymocy01,1945,N,Player
sheckji01,1945,N,Player
southbi01,1945,N,Player
sweenbi02,1945,N,Player
tanneje01,1945,N,Player
vandejo01,1945,N,Player
willicy01,1945,N,Player
yerkest02,1945,N,Player
bresnro01,1945,Y,Player
broutda01,1945,Y,Player
clarkfr01,1945,Y,Player
colliji01,1945,Y,Player
delahed01,1945,Y,Player
duffyhu01,1945,Y,Player
jennihu01,1945,Y,Player
kellyki01,1945,Y,Player
orourji01,1945,Y,Player
chancfr01,1946,N,Player
chancfr01,1946,N,Player
eversjo01,1946,N,Player
huggimi01,1946,N,Player
wadderu01,1946,N,Player
walshed01,1946,N,Player
eversjo01,1946,N,Player
huggimi01,1946,N,Player
walshed01,1946,N,Player
friscfr01,1946,N,Player
hubbeca01,1946,N,Player
wadderu01,1946,N,Player
griffcl01,1946,N,Player
cochrmi01,1946,N,Player
hubbeca01,1946,N,Player
griffcl01,1946,N,Player
grovele01,1946,N,Player
friscfr01,1946,N,Player
cochrmi01,1946,N,Player
traynpi01,1946,N,Player
grovele01,1946,N,Player
brownmo01,1946,N,Player
tinkejo01,1946,N,Player
traynpi01,1946,N,Player
mcginjo01,1946,N,Player
maranra01,1946,N,Player
brownmo01,1946,N,Player
mcginjo01,1946,N,Player
deandi01,1946,N,Player
tinkejo01,1946,N,Player
gehrich01,1946,N,Player
pennohe01,1946,N,Player
deandi01,1946,N,Player
dickebi01,1946,N,Player
bakerfr01,1946,N,Player
bendech01,1946,N,Player
bakerfr01,1946,N,Player
schalra01,1946,N,Player
bendech01,1946,N,Player
planked01,1946,N,Player
dickebi01,1946,N,Player
terrybi01,1946,N,Player
vanceda01,1946,N,Player
maranra01,1946,N,Player
foxxji01,1946,N,Player
youngro01,1946,N,Player
gehrich01,1946,N,Player
heilmha01,1946,N,Player
klingjo01,1946,N,Player
pennohe01,1946,N,Player
jossad01,1946,N,Player
ruckena01,1946,N,Player
roushed01,1946,N,Player
crawfsa01,1946,N,Player
adamsba01,1946,N,Player
crigelo01,1946,N,Player
marquru01,1946,N,Player
wheatza01,1946,N,Player
woodjo02,1946,N,Player
donovbi01,1946,N,Player
gomezle01,1946,N,Player
wanerpa01,1946,N,Player
lyonste01,1946,N,Player
burkeje01,1946,N,Player
bushdo01,1946,N,Player
coombja01,1946,N,Player
davisha01,1946,N,Player
hartnga01,1946,N,Player
jacksjo01,1946,N,Player
mckecbi01,1946,N,Player
bancrda01,1946,N,Player
beaumgi01,1946,N,Player
bradlbi01,1946,N,Player
chesbja01,1946,N,Player
clarkjo01,1946,N,Player
cravaga01,1946,N,Player
dinnebi01,1946,N,Player
dunnja01,1946,N,Player
granted01,1946,N,Player
grimmch01,1946,N,Player
hoytwa01,1946,N,Player
jonesfi01,1946,N,Player
killebi01,1946,N,Player
knabeot01,1946,N,Player
longhe01,1946,N,Player
mageesh01,1946,N,Player
martipe01,1946,N,Player
nichoki01,1946,N,Player
phillde01,1946,N,Player
ruelmu01,1946,N,Player
sheckji01,1946,N,Player
simmoal01,1946,N,Player
southbi01,1946,N,Player
sparktu01,1946,N,Player
sullibi03,1946,N,Player
tanneje01,1946,N,Player
tennefr01,1946,N,Player
burkeje01,1946,Y,Player
chancfr01,1946,Y,Player
chesbja01,1946,Y,Player
eversjo01,1946,Y,Player
griffcl01,1946,Y,Player
mccarto01,1946,Y,Player
mcginjo01,1946,Y,Player
planked01,1946,Y,Player
tinkejo01,1946,Y,Player
wadderu01,1946,Y,Player
walshed01,1946,Y,Player
hubbeca01,1947,Y,Player
friscfr01,1947,Y,Player
cochrmi01,1947,Y,Player
grovele01,1947,Y,Player
traynpi01,1947,N,Player
gehrich01,1947,N,Player
maranra01,1947,N,Player
deandi01,1947,N,Player
pennohe01,1947,N,Player
bendech01,1947,N,Player
heilmha01,1947,N,Player
schalra01,1947,N,Player
vanceda01,1947,N,Player
bakerfr01,1947,N,Player
terrybi01,1947,N,Player
wheatza01,1947,N,Player
youngro01,1947,N,Player
woodjo02,1947,N,Player
roushed01,1947,N,Player
adamsba01,1947,N,Player
marquru01,1947,N,Player
foxxji01,1947,N,Player
cronijo01,1947,N,Player
simmoal01,1947,N,Player
fletcar01,1947,N,Player
cravaga01,1947,N,Player
hartnga01,1947,N,Player
rixeyep01,1947,N,Player
turnete01,1947,N,Player
dyered01,1947,N,Player
gelbech01,1947,N,Player
gomezle01,1947,N,Player
gowdyha01,1947,N,Player
haineje01,1947,N,Player
hargrbu01,1947,N,Player
kellyge01,1947,N,Player
lazzeto01,1947,N,Player
scottev01,1947,N,Player
pennohe01,1948,Y,Player
traynpi01,1948,Y,Player
simmoal01,1948,N,Player
gehrich01,1948,N,Player
terrybi01,1948,N,Player
wanerpa01,1948,N,Player
foxxji01,1948,N,Player
deandi01,1948,N,Player
heilmha01,1948,N,Player
dickebi01,1948,N,Player
maranra01,1948,N,Player
hartnga01,1948,N,Player
cronijo01,1948,N,Player
vanceda01,1948,N,Player
schalra01,1948,N,Player
lazzeto01,1948,N,Player
youngro01,1948,N,Player
roushed01,1948,N,Player
gomezle01,1948,N,Player
lyonste01,1948,N,Player
wheatza01,1948,N,Player
careyma01,1948,N,Player
wilsoji01,1948,N,Player
grimebu01,1948,N,Player
hoytwa01,1948,N,Player
martipe01,1948,N,Player
combsea01,1948,N,Player
grimmch01,1948,N,Player
marquru01,1948,N,Player
meusebo01,1948,N,Player
bendech01,1948,N,Player
dykesji01,1948,N,Player
jackstr01,1948,N,Player
mcinnst01,1948,N,Player
rixeyep01,1948,N,Player
woodjo02,1948,N,Player
adamsba01,1948,N,Player
bakerfr01,1948,N,Player
bancrda01,1948,N,Player
bottoji01,1948,N,Player
odoulle01,1948,N,Player
ruffire01,1948,N,Player
cuyleki01,1948,N,Player
duganjo01,1948,N,Player
earnsge01,1948,N,Player
faberre01,1948,N,Player
fletcar01,1948,N,Player
gowdyha01,1948,N,Player
kleinch01,1948,N,Player
rommeed01,1948,N,Player
rootch01,1948,N,Player
scottev01,1948,N,Player
bluegos01,1948,N,Player
coombja01,1948,N,Player
coopewi01,1948,N,Player
covelst01,1948,N,Player
fitzsfr01,1948,N,Player
hackst01,1948,N,Player
haineje01,1948,N,Player
hermaba01,1948,N,Player
hoopeha01,1948,N,Player
kellyge01,1948,N,Player
klingjo01,1948,N,Player
oneilst01,1948,N,Player
quinnja01,1948,N,Player
schacal01,1948,N,Player
wilsoha01,1948,N,Player
wrighgl01,1948,N,Player
bartedi01,1948,N,Player
bigbeca01,1948,N,Player
cadorle01,1948,N,Player
camildo01,1948,N,Player
davissp01,1948,N,Player
derripa01,1948,N,Player
ferrewe01,1948,N,Player
fonsele01,1948,N,Player
gosligo01,1948,N,Player
grohhe01,1948,N,Player
hafeych01,1948,N,Player
hallabi01,1948,N,Player
hermabi01,1948,N,Player
johnsbo01,1948,N,Player
kremera01,1948,N,Player
manushe01,1948,N,Player
medwijo01,1948,N,Player
milledo02,1948,N,Player
mulcahu01,1948,N,Player
mungova01,1948,N,Player
oeschjo01,1948,N,Player
ricesa01,1948,N,Player
schanwa01,1948,N,Player
schumha02,1948,N,Player
selkige01,1948,N,Player
severha01,1948,N,Player
seweljo01,1948,N,Player
sewellu01,1948,N,Player
sherdbi01,1948,N,Player
shockur01,1948,N,Player
smithea02,1948,N,Player
smithsh01,1948,N,Player
westsa01,1948,N,Player
willicy01,1948,N,Player
gehrich01,1949,Y,Player
ottme01,1949,N,Player
gehrich01,1949,N,Player
ottme01,1949,N,Player
simmoal01,1949,N,Player
foxxji01,1949,N,Player
deandi01,1949,N,Player
foxxji01,1949,N,Player
terrybi01,1949,N,Player
deandi01,1949,N,Player
simmoal01,1949,N,Player
wanerpa01,1949,N,Player
greenha01,1949,N,Player
dickebi01,1949,N,Player
wanerpa01,1949,N,Player
heilmha01,1949,N,Player
maranra01,1949,N,Player
heilmha01,1949,N,Player
terrybi01,1949,N,Player
greenha01,1949,N,Player
dickebi01,1949,N,Player
maranra01,1949,N,Player
hartnga01,1949,N,Player
cronijo01,1949,N,Player
vanceda01,1949,N,Player
lyonste01,1949,N,Player
schalra01,1949,N,Player
wilsoha01,1949,N,Player
ruffire01,1949,N,Player
lazzeto01,1949,N,Player
youngro01,1949,N,Player
gomezle01,1949,N,Player
schalra01,1949,N,Player
martipe01,1949,N,Player
cronijo01,1949,N,Player
wheatza01,1949,N,Player
vanceda01,1949,N,Player
roushed01,1949,N,Player
lyonste01,1949,N,Player
careyma01,1949,N,Player
wilsoha01,1949,N,Player
harribu01,1949,N,Player
youngro01,1949,N,Player
gowdyha01,1949,N,Player
grimmch01,1949,N,Player
kleinch01,1949,N,Player
bottoji01,1949,N,Player
grimebu01,1949,N,Player
mcinnst01,1949,N,Player
dykesji01,1949,N,Player
hoytwa01,1949,N,Player
southbi01,1949,N,Player
hartnga01,1949,N,Player
combsea01,1949,N,Player
faberre01,1949,N,Player
jackstr01,1949,N,Player
oneilst01,1949,N,Player
wilsoji01,1949,N,Player
lazzeto01,1949,N,Player
adamsba01,1949,N,Player
bancrda01,1949,N,Player
hermaba01,1949,N,Player
coopewi01,1949,N,Player
cuyleki01,1949,N,Player
gosligo01,1949,N,Player
hackst01,1949,N,Player
hardeme01,1949,N,Player
marquru01,1949,N,Player
odoulle01,1949,N,Player
rixeyep01,1949,N,Player
ruffire01,1949,N,Player
covelst01,1949,N,Player
meusebo01,1949,N,Player
ricesa01,1949,N,Player
scottev01,1949,N,Player
stengca01,1949,N,Player
wanerll01,1949,N,Player
bendech01,1949,N,Player
duganjo01,1949,N,Player
earnsge01,1949,N,Player
fitzsfr01,1949,N,Player
gelbech01,1949,N,Player
hafeych01,1949,N,Player
haineje01,1949,N,Player
jurgebi01,1949,N,Player
lucasre01,1949,N,Player
rommeed01,1949,N,Player
shockur01,1949,N,Player
warnelo01,1949,N,Player
willicy01,1949,N,Player
averiea01,1949,N,Player
bluegos01,1949,N,Player
bodiepi01,1949,N,Player
burnsge01,1949,N,Player
chapmbe01,1949,N,Player
davissp01,1949,N,Player
durocle01,1949,N,Player
ehmkeho01,1949,N,Player
ferrewe01,1949,N,Player
fletcar01,1949,N,Player
judgejo01,1949,N,Player
kellyge01,1949,N,Player
kerrdi01,1949,N,Player
lindsfr01,1949,N,Player
lopezal01,1949,N,Player
manushe01,1949,N,Player
myerbu01,1949,N,Player
nehfar01,1949,N,Player
peckiro01,1949,N,Player
pruethu01,1949,N,Player
ringji01,1949,N,Player
rootch01,1949,N,Player
selkige01,1949,N,Player
sherdbi01,1949,N,Player
toneyfr01,1949,N,Player
werbebi01,1949,N,Player
wittwh01,1949,N,Player
wrighgl01,1949,N,Player
brownmo01,1949,Y,Player
nichoki01,1949,Y,Player
ottme01,1950,N,Player
terrybi01,1950,N,Player
foxxji01,1950,N,Player
wanerpa01,1950,N,Player
simmoal01,1950,N,Player
heilmha01,1950,N,Player
deandi01,1950,N,Player
dickebi01,1950,N,Player
maranra01,1950,N,Player
greenha01,1950,N,Player
hartnga01,1950,N,Player
vanceda01,1950,N,Player
lyonste01,1950,N,Player
cronijo01,1950,N,Player
lazzeto01,1950,N,Player
gomezle01,1950,N,Player
wheatza01,1950,N,Player
youngro01,1950,N,Player
roushed01,1950,N,Player
schalra01,1950,N,Player
wilsoha01,1950,N,Player
careyma01,1950,N,Player
kleinch01,1950,N,Player
grimmch01,1950,N,Player
ruffire01,1950,N,Player
cuyleki01,1950,N,Player
haineje01,1950,N,Player
hoytwa01,1950,N,Player
bancrda01,1950,N,Player
faberre01,1950,N,Player
odoulle01,1950,N,Player
willicy01,1950,N,Player
bottoji01,1950,N,Player
hackst01,1950,N,Player
martipe01,1950,N,Player
rolfere01,1950,N,Player
adamsba01,1950,N,Player
bendech01,1950,N,Player
gowdyha01,1950,N,Player
grimebu01,1950,N,Player
jackstr01,1950,N,Player
rixeyep01,1950,N,Player
bakerfr01,1950,N,Player
hafeych01,1950,N,Player
ofarrbo01,1950,N,Player
ruelmu01,1950,N,Player
waltebu01,1950,N,Player
wilsoji01,1950,N,Player
combsea01,1950,N,Player
lombaer01,1950,N,Player
scottev01,1950,N,Player
burnsge01,1950,N,Player
chandsp01,1950,N,Player
dykesji01,1950,N,Player
earnsge01,1950,N,Player
fonsele01,1950,N,Player
gosligo01,1950,N,Player
grohhe01,1950,N,Player
hardeme01,1950,N,Player
hermaba01,1950,N,Player
higgipi01,1950,N,Player
hoopeha01,1950,N,Player
meusebo01,1950,N,Player
nehfar01,1950,N,Player
theveto01,1950,N,Player
wrighgl01,1950,N,Player
covelst01,1950,N,Player
crosefr01,1950,N,Player
derripa01,1950,N,Player
ensje01,1950,N,Player
fitzsfr01,1950,N,Player
fletcar01,1950,N,Player
gelbech01,1950,N,Player
gonzami01,1950,N,Player
jonesfi01,1950,N,Player
lucasre01,1950,N,Player
luquedo01,1950,N,Player
mageesh01,1950,N,Player
marbefi01,1950,N,Player
mcinnst01,1950,N,Player
milancl01,1950,N,Player
moorejo02,1950,N,Player
moorete01,1950,N,Player
oneilst01,1950,N,Player
pruethu01,1950,N,Player
ricesa01,1950,N,Player
rommeed01,1950,N,Player
rootch01,1950,N,Player
schanwa01,1950,N,Player
selkige01,1950,N,Player
sherdbi01,1950,N,Player
southbi01,1950,N,Player
wambsbi01,1950,N,Player
wanerll01,1950,N,Player
werbebi01,1950,N,Player
woodjo02,1950,N,Player
ottme01,1951,Y,Player
foxxji01,1951,Y,Player
wanerpa01,1951,N,Player
heilmha01,1951,N,Player
terrybi01,1951,N,Player
deandi01,1951,N,Player
dickebi01,1951,N,Player
simmoal01,1951,N,Player
maranra01,1951,N,Player
lyonste01,1951,N,Player
vanceda01,1951,N,Player
greenha01,1951,N,Player
hartnga01,1951,N,Player
cronijo01,1951,N,Player
schalra01,1951,N,Player
bendech01,1951,N,Player
youngro01,1951,N,Player
careyma01,1951,N,Player
lazzeto01,1951,N,Player
gowdyha01,1951,N,Player
gomezle01,1951,N,Player
roushed01,1951,N,Player
wilsoha01,1951,N,Player
martipe01,1951,N,Player
wheatza01,1951,N,Player
kleinch01,1951,N,Player
hoytwa01,1951,N,Player
odoulle01,1951,N,Player
adamsba01,1951,N,Player
bancrda01,1951,N,Player
grimmch01,1951,N,Player
ruffire01,1951,N,Player
bakerfr01,1951,N,Player
cuyleki01,1951,N,Player
faberre01,1951,N,Player
willicy01,1951,N,Player
bottoji01,1951,N,Player
rolfere01,1951,N,Player
grimebu01,1951,N,Player
rixeyep01,1951,N,Player
woodjo02,1951,N,Player
fletcar01,1951,N,Player
jackstr01,1951,N,Player
nehfar01,1951,N,Player
schacal01,1951,N,Player
southbi01,1951,N,Player
dykesji01,1951,N,Player
hackst01,1951,N,Player
hoopeha01,1951,N,Player
kerrdi01,1951,N,Player
lombaer01,1951,N,Player
marquru01,1951,N,Player
mcinnst01,1951,N,Player
oneilst01,1951,N,Player
lewisdu01,1951,N,Player
mageesh01,1951,N,Player
scottev01,1951,N,Player
selkige01,1951,N,Player
wilsoji01,1951,N,Player
bartedi01,1951,N,Player
chandsp01,1951,N,Player
coombja01,1951,N,Player
coopewi01,1951,N,Player
daubeja01,1951,N,Player
derripa01,1951,N,Player
ehmkeho01,1951,N,Player
gelbech01,1951,N,Player
hafeych01,1951,N,Player
hardeme01,1951,N,Player
hermaba01,1951,N,Player
higgipi01,1951,N,Player
jordati01,1951,N,Player
milancl01,1951,N,Player
paigesa01,1951,N,Player
pruethu01,1951,N,Player
ricesa01,1951,N,Player
rommeed01,1951,N,Player
rudoldi01,1951,N,Player
ruelmu01,1951,N,Player
sherdbi01,1951,N,Player
wanerll01,1951,N,Player
wrighgl01,1951,N,Player
heilmha01,1952,Y,Player
wanerpa01,1952,Y,Player
terrybi01,1952,N,Player
deandi01,1952,N,Player
simmoal01,1952,N,Player
dickebi01,1952,N,Player
maranra01,1952,N,Player
vanceda01,1952,N,Player
lyonste01,1952,N,Player
hartnga01,1952,N,Player
greenha01,1952,N,Player
bendech01,1952,N,Player
cronijo01,1952,N,Player
schalra01,1952,N,Player
careyma01,1952,N,Player
gowdyha01,1952,N,Player
youngro01,1952,N,Player
martipe01,1952,N,Player
wheatza01,1952,N,Player
gomezle01,1952,N,Player
lazzeto01,1952,N,Player
roushed01,1952,N,Player
wilsoha01,1952,N,Player
kleinch01,1952,N,Player
odoulle01,1952,N,Player
hoytwa01,1952,N,Player
bancrda01,1952,N,Player
lewisdu01,1952,N,Player
cuyleki01,1952,N,Player
hardeme01,1952,N,Player
oneilst01,1952,N,Player
ruffire01,1952,N,Player
adamsba01,1952,N,Player
faberre01,1952,N,Player
grimebu01,1952,N,Player
kerrdi01,1952,N,Player
marquru01,1952,N,Player
bottoji01,1952,N,Player
wilsoji01,1952,N,Player
grimmch01,1952,N,Player
dykesji01,1952,N,Player
henrito01,1952,N,Player
rolfere01,1952,N,Player
scottev01,1952,N,Player
willicy01,1952,N,Player
hermaba01,1952,N,Player
nehfar01,1952,N,Player
rixeyep01,1952,N,Player
waltebu01,1952,N,Player
averiea01,1952,N,Player
coopewi01,1952,N,Player
peckiro01,1952,N,Player
rommeed01,1952,N,Player
wanerll01,1952,N,Player
chapmbe01,1952,N,Player
combsea01,1952,N,Player
crosefr01,1952,N,Player
ehmkeho01,1952,N,Player
gonzami01,1952,N,Player
hafeych01,1952,N,Player
jackstr01,1952,N,Player
luquedo01,1952,N,Player
meusebo01,1952,N,Player
milancl01,1952,N,Player
pruethu01,1952,N,Player
ricesa01,1952,N,Player
ruelmu01,1952,N,Player
selkige01,1952,N,Player
southbi01,1952,N,Player
werbebi01,1952,N,Player
wrighgl01,1952,N,Player
deandi01,1953,Y,Player
simmoal01,1953,Y,Player
terrybi01,1953,N,Player
dickebi01,1953,N,Player
maranra01,1953,N,Player
vanceda01,1953,N,Player
lyonste01,1953,N,Player
dimagjo01,1953,N,Player
bendech01,1953,N,Player
hartnga01,1953,N,Player
greenha01,1953,N,Player
cronijo01,1953,N,Player
gowdyha01,1953,N,Player
careyma01,1953,N,Player
schalra01,1953,N,Player
martipe01,1953,N,Player
wilsoha01,1953,N,Player
gomezle01,1953,N,Player
roushed01,1953,N,Player
wheatza01,1953,N,Player
youngro01,1953,N,Player
lazzeto01,1953,N,Player
ruffire01,1953,N,Player
lewisdu01,1953,N,Player
marquru01,1953,N,Player
cuyleki01,1953,N,Player
adamsba01,1953,N,Player
hoytwa01,1953,N,Player
kerrdi01,1953,N,Player
oneilst01,1953,N,Player
odoulle01,1953,N,Player
bancrda01,1953,N,Player
bottoji01,1953,N,Player
henrito01,1953,N,Player
waltebu01,1953,N,Player
wilsoji01,1953,N,Player
coopewi01,1953,N,Player
faberre01,1953,N,Player
grimebu01,1953,N,Player
grimmch01,1953,N,Player
hardeme01,1953,N,Player
ruelmu01,1953,N,Player
dykesji01,1953,N,Player
rolfere01,1953,N,Player
scottev01,1953,N,Player
haineje01,1953,N,Player
nehfar01,1953,N,Player
willicy01,1953,N,Player
combsea01,1953,N,Player
ehmkeho01,1953,N,Player
ricesa01,1953,N,Player
rixeyep01,1953,N,Player
wrighgl01,1953,N,Player
applilu01,1953,N,Player
doerrbo01,1953,N,Player
hafeych01,1953,N,Player
hermaba01,1953,N,Player
jackstr01,1953,N,Player
peckiro01,1953,N,Player
southbi01,1953,N,Player
altroni01,1953,N,Player
bushdo01,1953,N,Player
gonzami01,1953,N,Player
kellech01,1953,N,Player
klingjo01,1953,N,Player
langebi01,1953,N,Player
luquedo01,1953,N,Player
milancl01,1953,N,Player
moorete01,1953,N,Player
olearch01,1953,N,Player
pruethu01,1953,N,Player
roberda01,1953,N,Player
rommeed01,1953,N,Player
schaege01,1953,N,Player
selkige01,1953,N,Player
sherdbi01,1953,N,Player
streega01,1953,N,Player
vaughar01,1953,N,Player
wambsbi01,1953,N,Player
bendech01,1953,Y,Player
wallabo01,1953,Y,Player
maranra01,1954,Y,Player
dickebi01,1954,Y,Player
terrybi01,1954,Y,Player
dimagjo01,1954,N,Player
lyonste01,1954,N,Player
vanceda01,1954,N,Player
hartnga01,1954,N,Player
greenha01,1954,N,Player
cronijo01,1954,N,Player
careyma01,1954,N,Player
schalra01,1954,N,Player
roushed01,1954,N,Player
gowdyha01,1954,N,Player
wilsoha01,1954,N,Player
gomezle01,1954,N,Player
youngro01,1954,N,Player
wheatza01,1954,N,Player
lazzeto01,1954,N,Player
ruffire01,1954,N,Player
cuyleki01,1954,N,Player
lewisdu01,1954,N,Player
bottoji01,1954,N,Player
marquru01,1954,N,Player
hoytwa01,1954,N,Player
adamsba01,1954,N,Player
kerrdi01,1954,N,Player
faberre01,1954,N,Player
kleinch01,1954,N,Player
bancrda01,1954,N,Player
ricesa01,1954,N,Player
wilsoji01,1954,N,Player
coopewi01,1954,N,Player
nehfar01,1954,N,Player
haineje01,1954,N,Player
rixeyep01,1954,N,Player
ruelmu01,1954,N,Player
ehmkeho01,1954,N,Player
scottev01,1954,N,Player
wambsbi01,1954,N,Player
willicy01,1954,N,Player
milancl01,1954,N,Player
altroni01,1954,N,Player
hafeych01,1954,N,Player
vaughar01,1954,N,Player
bluegos01,1954,N,Player
bluelu01,1954,N,Player
gosligo01,1954,N,Player
grohhe01,1954,N,Player
hermaba01,1954,N,Player
jackstr01,1954,N,Player
peckiro01,1954,N,Player
seweljo01,1954,N,Player
wrighgl01,1954,N,Player
dimagjo01,1955,Y,Player
lyonste01,1955,Y,Player
vanceda01,1955,Y,Player
hartnga01,1955,Y,Player
greenha01,1955,N,Player
cronijo01,1955,N,Player
careyma01,1955,N,Player
schalra01,1955,N,Player
roushed01,1955,N,Player
gowdyha01,1955,N,Player
wilsoha01,1955,N,Player
gomezle01,1955,N,Player
lazzeto01,1955,N,Player
ruffire01,1955,N,Player
wheatza01,1955,N,Player
youngro01,1955,N,Player
cuyleki01,1955,N,Player
marquru01,1955,N,Player
lewisdu01,1955,N,Player
hoytwa01,1955,N,Player
ricesa01,1955,N,Player
faberre01,1955,N,Player
bottoji01,1955,N,Player
kerrdi01,1955,N,Player
kleinch01,1955,N,Player
adamsba01,1955,N,Player
bancrda01,1955,N,Player
wilsoji01,1955,N,Player
coopewi01,1955,N,Player
ruelmu01,1955,N,Player
haineje01,1955,N,Player
rixeyep01,1955,N,Player
scottev01,1955,N,Player
gosligo01,1955,N,Player
nehfar01,1955,N,Player
milancl01,1955,N,Player
grohhe01,1955,N,Player
hermaba01,1955,N,Player
jackstr01,1955,N,Player
wambsbi01,1955,N,Player
hafeych01,1955,N,Player
vaughar01,1955,N,Player
wrighgl01,1955,N,Player
applilu01,1955,N,Player
grimebu01,1955,N,Player
willicy01,1955,N,Player
averiea01,1955,N,Player
earnsge01,1955,N,Player
judgejo01,1955,N,Player
meusebo01,1955,N,Player
allenjo02,1955,N,Player
berrych02,1955,N,Player
bishoma01,1955,N,Player
combsea01,1955,N,Player
daubeja01,1955,N,Player
derripa01,1955,N,Player
dykesji01,1955,N,Player
gordojo01,1955,N,Player
haasmu01,1955,N,Player
jonessa01,1955,N,Player
peckiro01,1955,N,Player
schumha02,1955,N,Player
seweljo01,1955,N,Player
sherdbi01,1955,N,Player
bakerfr01,1955,Y,Player
schalra01,1955,Y,Player
greenha01,1956,Y,Player
cronijo01,1956,Y,Player
ruffire01,1956,N,Player
roushed01,1956,N,Player
gomezle01,1956,N,Player
wilsoha01,1956,N,Player
careyma01,1956,N,Player
lazzeto01,1956,N,Player
cuyleki01,1956,N,Player
gowdyha01,1956,N,Player
ricesa01,1956,N,Player
kleinch01,1956,N,Player
bottoji01,1956,N,Player
hoytwa01,1956,N,Player
faberre01,1956,N,Player
medwijo01,1956,N,Player
rixeyep01,1956,N,Player
gosligo01,1956,N,Player
wheatza01,1956,N,Player
grimebu01,1956,N,Player
youngro01,1956,N,Player
wanerll01,1956,N,Player
wilsoji01,1956,N,Player
hafeych01,1956,N,Player
ruelmu01,1956,N,Player
bancrda01,1956,N,Player
applilu01,1956,N,Player
combsea01,1956,N,Player
haineje01,1956,N,Player
jackstr01,1956,N,Player
manushe01,1956,N,Player
derripa01,1956,N,Player
hermaba01,1956,N,Player
willicy01,1956,N,Player
vaughar01,1956,N,Player
ehmkeho01,1956,N,Player
lombaer01,1956,N,Player
ferrewe01,1956,N,Player
martipe01,1956,N,Player
doerrbo01,1956,N,Player
odoulle01,1956,N,Player
waltebu01,1956,N,Player
cramedo01,1956,N,Player
gordojo01,1956,N,Player
averiea01,1956,N,Player
bridgto01,1956,N,Player
earnsge01,1956,N,Player
fitzsfr01,1956,N,Player
lindsfr01,1956,N,Player
mccorfr01,1956,N,Player
rolfere01,1956,N,Player
seweljo01,1956,N,Player
vandejo01,1956,N,Player
wrighgl01,1956,N,Player
bluegos01,1956,N,Player
boudrlo01,1956,N,Player
bushgu01,1956,N,Player
coopemo01,1956,N,Player
critzhu01,1956,N,Player
fonsele01,1956,N,Player
henrito01,1956,N,Player
hermabi01,1956,N,Player
judgejo01,1956,N,Player
kellech01,1956,N,Player
kellyge01,1956,N,Player
schumha02,1956,N,Player
stephri01,1956,N,Player
tobinji01,1956,N,Player
altroni01,1956,N,Player
bergewa01,1956,N,Player
bishoma01,1956,N,Player
camildo01,1956,N,Player
chandsp01,1956,N,Player
crosefr01,1956,N,Player
cuccito01,1956,N,Player
dinnebi01,1956,N,Player
duganjo01,1956,N,Player
dykesji01,1956,N,Player
ferreri01,1956,N,Player
haasmu01,1956,N,Player
hackst01,1956,N,Player
hallabi01,1956,N,Player
johnsbo01,1956,N,Player
jonessa01,1956,N,Player
kuheljo01,1956,N,Player
luquedo01,1956,N,Player
marioma01,1956,N,Player
meusebo01,1956,N,Player
mostijo01,1956,N,Player
quinnja01,1956,N,Player
reynoal01,1956,N,Player
rizzuph01,1956,N,Player
schacal01,1956,N,Player
schanwa01,1956,N,Player
scottev01,1956,N,Player
sherdbi01,1956,N,Player
smithea02,1956,N,Player
suhrgu01,1956,N,Player
turneji01,1956,N,Player
uhlege01,1956,N,Player
wambsbi01,1956,N,Player
whitebu01,1956,N,Player
whiteea01,1956,N,Player
willike01,1956,N,Player
crawfsa01,1957,Y,Player
careyma01,1958,N,Player
roushed01,1958,N,Player
ruffire01,1958,N,Player
wilsoha01,1958,N,Player
cuyleki01,1958,N,Player
ricesa01,1958,N,Player
lazzeto01,1958,N,Player
applilu01,1958,N,Player
gomezle01,1958,N,Player
grimebu01,1958,N,Player
faberre01,1958,N,Player
boudrlo01,1958,N,Player
bottoji01,1958,N,Player
medwijo01,1958,N,Player
martipe01,1958,N,Player
gowdyha01,1958,N,Player
bancrda01,1958,N,Player
wanerll01,1958,N,Player
hoytwa01,1958,N,Player
kleinch01,1958,N,Player
vandejo01,1958,N,Player
combsea01,1958,N,Player
covelst01,1958,N,Player
waltebu01,1958,N,Player
rixeyep01,1958,N,Player
odoulle01,1958,N,Player
dykesji01,1958,N,Player
gosligo01,1958,N,Player
grimmch01,1958,N,Player
doerrbo01,1958,N,Player
haineje01,1958,N,Player
manushe01,1958,N,Player
altroni01,1958,N,Player
southbi01,1958,N,Player
fitzsfr01,1958,N,Player
derripa01,1958,N,Player
luquedo01,1958,N,Player
averiea01,1958,N,Player
hermaba01,1958,N,Player
nehfar01,1958,N,Player
rolfere01,1958,N,Player
hafeych01,1958,N,Player
moorete01,1958,N,Player
rowesc01,1958,N,Player
bridgto01,1958,N,Player
gordojo01,1958,N,Player
henrito01,1958,N,Player
jackstr01,1958,N,Player
oneilst01,1958,N,Player
ruelmu01,1958,N,Player
ferrewe01,1958,N,Player
judgejo01,1958,N,Player
kellech01,1958,N,Player
quinnja01,1958,N,Player
schanwa01,1958,N,Player
tebbebi01,1958,N,Player
wrighgl01,1958,N,Player
ehmkeho01,1958,N,Player
hermabi01,1958,N,Player
rommeed01,1958,N,Player
hackst01,1958,N,Player
hardeme01,1958,N,Player
higgipi01,1958,N,Player
maysca01,1958,N,Player
reisepe01,1958,N,Player
rootch01,1958,N,Player
vaughar01,1958,N,Player
willicy01,1958,N,Player
bushjo01,1958,N,Player
crosefr01,1958,N,Player
duganjo01,1958,N,Player
groveor01,1958,N,Player
jonesfi01,1958,N,Player
lindsfr01,1958,N,Player
marbefi01,1958,N,Player
meusebo01,1958,N,Player
bergmo01,1958,N,Player
bishoma01,1958,N,Player
camildo01,1958,N,Player
lavagco01,1958,N,Player
lombaer01,1958,N,Player
shockur01,1958,N,Player
uhlege01,1958,N,Player
berrych02,1958,N,Player
coopemo01,1958,N,Player
cuccito01,1958,N,Player
doakbi01,1958,N,Player
fonsele01,1958,N,Player
gonzami01,1958,N,Player
gustifr01,1958,N,Player
kammwi01,1958,N,Player
ofarrbo01,1958,N,Player
sewellu01,1958,N,Player
werbebi01,1958,N,Player
wilsoji01,1958,N,Player
bergewa01,1958,N,Player
bluegos01,1958,N,Player
cramedo01,1958,N,Player
holmeto01,1958,N,Player
kellyge01,1958,N,Player
kremera01,1958,N,Player
leachfr01,1958,N,Player
mcmanma01,1958,N,Player
meadole01,1958,N,Player
mungova01,1958,N,Player
perkicy01,1958,N,Player
sherdbi01,1958,N,Player
warnelo01,1958,N,Player
whiteea01,1958,N,Player
adamssp01,1958,N,Player
austiji01,1958,N,Player
bartedi01,1958,N,Player
bentola01,1958,N,Player
bladera01,1958,N,Player
casege01,1958,N,Player
chapmsa01,1958,N,Player
crowdal01,1958,N,Player
danniha01,1958,N,Player
daviscu01,1958,N,Player
ellioju01,1958,N,Player
ferreri01,1958,N,Player
grantge01,1958,N,Player
haasmu01,1958,N,Player
hallabi01,1958,N,Player
hargrbu01,1958,N,Player
jurgebi01,1958,N,Player
keltnke01,1958,N,Player
kressre01,1958,N,Player
lucasre01,1958,N,Player
mancugu01,1958,N,Player
millebi02,1958,N,Player
moseswa01,1958,N,Player
mostijo01,1958,N,Player
olearch01,1958,N,Player
pearsmo01,1958,N,Player
pippwa01,1958,N,Player
schumha02,1958,N,Player
scottja01,1958,N,Player
seweljo01,1958,N,Player
sewelri01,1958,N,Player
spahnwa01,1958,N,Player
stephri01,1958,N,Player
suhrgu01,1958,N,Player
sukefcl01,1958,N,Player
walberu01,1958,N,Player
walkeha01,1958,N,Player
willike01,1958,N,Player
wyattwh01,1958,N,Player
youngpe01,1958,N,Player
zachato01,1958,N,Player
wheatza01,1959,Y,Player
roushed01,1960,N,Player
ricesa01,1960,N,Player
rixeyep01,1960,N,Player
grimebu01,1960,N,Player
bottoji01,1960,N,Player
ruffire01,1960,N,Player
faberre01,1960,N,Player
applilu01,1960,N,Player
cuyleki01,1960,N,Player
wilsoha01,1960,N,Player
lazzeto01,1960,N,Player
gomezle01,1960,N,Player
mizejo01,1960,N,Player
odoulle01,1960,N,Player
combsea01,1960,N,Player
gowdyha01,1960,N,Player
medwijo01,1960,N,Player
kleinch01,1960,N,Player
marioma01,1960,N,Player
boudrlo01,1960,N,Player
vandejo01,1960,N,Player
bancrda01,1960,N,Player
gosligo01,1960,N,Player
hafeych01,1960,N,Player
hoytwa01,1960,N,Player
martipe01,1960,N,Player
dykesji01,1960,N,Player
reynoal01,1960,N,Player
seweljo01,1960,N,Player
wanerll01,1960,N,Player
haineje01,1960,N,Player
manushe01,1960,N,Player
waltebu01,1960,N,Player
altroni01,1960,N,Player
wrighgl01,1960,N,Player
doerrbo01,1960,N,Player
judgejo01,1960,N,Player
fitzsfr01,1960,N,Player
grimmch01,1960,N,Player
ehmkeho01,1960,N,Player
hardeme01,1960,N,Player
rommeed01,1960,N,Player
averiea01,1960,N,Player
gordojo01,1960,N,Player
jackstr01,1960,N,Player
schanwa01,1960,N,Player
schumha02,1960,N,Player
willicy01,1960,N,Player
henrito01,1960,N,Player
meusebo01,1960,N,Player
rolfere01,1960,N,Player
vaughar01,1960,N,Player
ruelmu01,1960,N,Player
crosefr01,1960,N,Player
derripa01,1960,N,Player
duganjo01,1960,N,Player
ferrewe01,1960,N,Player
reisepe01,1960,N,Player
brechha01,1960,N,Player
groveor01,1960,N,Player
hermaba01,1960,N,Player
kellech01,1960,N,Player
moorete01,1960,N,Player
grovele01,1960,N,Player
hackst01,1960,N,Player
lindsfr01,1960,N,Player
lombaer01,1960,N,Player
millebi02,1960,N,Player
newsobo01,1960,N,Player
wilsoji01,1960,N,Player
bergmo01,1960,N,Player
bishoma01,1960,N,Player
kellyge01,1960,N,Player
bridgto01,1960,N,Player
dimagdo01,1960,N,Player
luquedo01,1960,N,Player
stephri01,1960,N,Player
uhlege01,1960,N,Player
warnelo01,1960,N,Player
whiteha01,1960,N,Player
bluegos01,1960,N,Player
camildo01,1960,N,Player
fonsele01,1960,N,Player
higgipi01,1960,N,Player
kinerra01,1960,N,Player
kressre01,1960,N,Player
ofarrbo01,1960,N,Player
rowesc01,1960,N,Player
sewellu01,1960,N,Player
stanked01,1960,N,Player
whiteea01,1960,N,Player
edwarha01,1960,N,Player
elliobo01,1960,N,Player
gonzami01,1960,N,Player
hallabi01,1960,N,Player
holmeto01,1960,N,Player
lavagco01,1960,N,Player
leonadu02,1960,N,Player
marbefi01,1960,N,Player
mcmanma01,1960,N,Player
mungova01,1960,N,Player
quinnja01,1960,N,Player
rootch01,1960,N,Player
sherdbi01,1960,N,Player
adamssp01,1960,N,Player
bartedi01,1960,N,Player
bladera01,1960,N,Player
casege01,1960,N,Player
coopemo01,1960,N,Player
cramedo01,1960,N,Player
crowdal01,1960,N,Player
danniha01,1960,N,Player
ferreri01,1960,N,Player
grohhe01,1960,N,Player
haasmu01,1960,N,Player
hargrbu01,1960,N,Player
jossad01,1960,N,Player
kammwi01,1960,N,Player
keltnke01,1960,N,Player
leachfr01,1960,N,Player
loberha01,1960,N,Player
moseswa01,1960,N,Player
nichobi01,1960,N,Player
olearch01,1960,N,Player
peskyjo01,1960,N,Player
roepr01,1960,N,Player
sistisi01,1960,N,Player
suhrgu01,1960,N,Player
tebbebi01,1960,N,Player
walberu01,1960,N,Player
zachato01,1960,N,Player
careyma01,1961,Y,Player
hamilbi01,1961,Y,Player
fellebo01,1962,Y,Player
robinja02,1962,Y,Player
ricesa01,1962,N,Player
ruffire01,1962,N,Player
rixeyep01,1962,N,Player
applilu01,1962,N,Player
rizzuph01,1962,N,Player
grimebu01,1962,N,Player
wilsoha01,1962,N,Player
medwijo01,1962,N,Player
cuyleki01,1962,N,Player
faberre01,1962,N,Player
bottoji01,1962,N,Player
gomezle01,1962,N,Player
hoytwa01,1962,N,Player
kleinch01,1962,N,Player
marioma01,1962,N,Player
manushe01,1962,N,Player
reynoal01,1962,N,Player
gosligo01,1962,N,Player
mizejo01,1962,N,Player
odoulle01,1962,N,Player
boudrlo01,1962,N,Player
doerrbo01,1962,N,Player
lazzeto01,1962,N,Player
hafeych01,1962,N,Player
hardeme01,1962,N,Player
lindsfr01,1962,N,Player
combsea01,1962,N,Player
dykesji01,1962,N,Player
martipe01,1962,N,Player
vaughar01,1962,N,Player
whiteea01,1962,N,Player
kinerra01,1962,N,Player
lombaer01,1962,N,Player
vandejo01,1962,N,Player
waltebu01,1962,N,Player
wanerll01,1962,N,Player
gordojo01,1962,N,Player
hermabi01,1962,N,Player
newhoha01,1962,N,Player
wilsoji01,1962,N,Player
averiea01,1962,N,Player
haineje01,1962,N,Player
henrito01,1962,N,Player
newsobo01,1962,N,Player
cavarph01,1962,N,Player
chandsp01,1962,N,Player
dimagdo01,1962,N,Player
grimmch01,1962,N,Player
jonesfi01,1962,N,Player
marbefi01,1962,N,Player
warnelo01,1962,N,Player
bridgto01,1962,N,Player
casege01,1962,N,Player
coxbi02,1962,N,Player
cramedo01,1962,N,Player
elliobo01,1962,N,Player
ferrewe01,1962,N,Player
fitzsfr01,1962,N,Player
hutchfr01,1962,N,Player
jackstr01,1962,N,Player
kellech01,1962,N,Player
kellyge01,1962,N,Player
mccorfr01,1962,N,Player
moorete01,1962,N,Player
raschvi01,1962,N,Player
roepr01,1962,N,Player
rolfere01,1962,N,Player
sainjo01,1962,N,Player
schumha02,1962,N,Player
sewellu01,1962,N,Player
sewelri01,1962,N,Player
stephri01,1962,N,Player
walkedi02,1962,N,Player
wrighgl01,1962,N,Player
yorkru01,1962,N,Player
roushed01,1962,Y,Player
clarkjo01,1963,Y,Player
flickel01,1963,Y,Player
ricesa01,1963,Y,Player
rixeyep01,1963,Y,Player
applilu01,1964,Y,Player
ruffire01,1964,N,Player
applilu01,1964,N,Player
ruffire01,1964,N,Player
camparo01,1964,N,Player
medwijo01,1964,N,Player
camparo01,1964,N,Player
medwijo01,1964,N,Player
reesepe01,1964,N,Player
boudrlo01,1964,N,Player
lopezal01,1964,N,Player
kleinch01,1964,N,Player
mizejo01,1964,N,Player
hardeme01,1964,N,Player
vandejo01,1964,N,Player
marioma01,1964,N,Player
wanerll01,1964,N,Player
reesepe01,1964,N,Player
rizzuph01,1964,N,Player
boudrlo01,1964,N,Player
reynoal01,1964,N,Player
waltebu01,1964,N,Player
lopezal01,1964,N,Player
kellge01,1964,N,Player
lombaer01,1964,N,Player
kinerra01,1964,N,Player
gordojo01,1964,N,Player
hermabi01,1964,N,Player
newhoha01,1964,N,Player
doerrbo01,1964,N,Player
lemonbo01,1964,N,Player
cavarph01,1964,N,Player
vandejo01,1964,N,Player
martipe01,1964,N,Player
kleinch01,1964,N,Player
newsobo01,1964,N,Player
vaughar01,1964,N,Player
marioma01,1964,N,Player
bridgto01,1964,N,Player
durocle01,1964,N,Player
moorete01,1964,N,Player
hardeme01,1964,N,Player
henrito01,1964,N,Player
maglisa01,1964,N,Player
warnelo01,1964,N,Player
cramedo01,1964,N,Player
dimagdo01,1964,N,Player
kellech01,1964,N,Player
mizejo01,1964,N,Player
wanerll01,1964,N,Player
rizzuph01,1964,N,Player
hutchfr01,1964,N,Player
schumha02,1964,N,Player
yorkru01,1964,N,Player
hermabi01,1964,N,Player
lombaer01,1964,N,Player
raschvi01,1964,N,Player
kellge01,1964,N,Player
waltebu01,1964,N,Player
chandsp01,1964,N,Player
mccorfr01,1964,N,Player
walkedi02,1964,N,Player
reynoal01,1964,N,Player
vaughar01,1964,N,Player
doerrbo01,1964,N,Player
martipe01,1964,N,Player
elliobo01,1964,N,Player
truckvi01,1964,N,Player
kindeel01,1964,N,Player
sainjo01,1964,N,Player
kinerra01,1964,N,Player
lemonbo01,1964,N,Player
newhoha01,1964,N,Player
casege01,1964,N,Player
houttar01,1964,N,Player
westrwe01,1964,N,Player
durocle01,1964,N,Player
gromest01,1964,N,Player
kuzavbo01,1964,N,Player
miksied01,1964,N,Player
northro01,1964,N,Player
sewelri01,1964,N,Player
smallro01,1964,N,Player
troutdi01,1964,N,Player
bridgto01,1964,N,Player
cavarph01,1964,N,Player
gordojo01,1964,N,Player
newsobo01,1964,N,Player
faberre01,1964,Y,Player
grimebu01,1964,Y,Player
keefeti01,1964,Y,Player
manushe01,1964,Y,Player
wardjo01,1964,Y,Player
galvipu01,1965,Y,Player
willite01,1966,Y,Player
ruffire01,1966,N,Player
camparo01,1966,N,Player
medwijo01,1966,N,Player
boudrlo01,1966,N,Player
slaugen01,1966,N,Player
reesepe01,1966,N,Player
marioma01,1966,N,Player
mizejo01,1966,N,Player
kinerra01,1966,N,Player
vandejo01,1966,N,Player
reynoal01,1966,N,Player
waltebu01,1966,N,Player
rizzuph01,1966,N,Player
vaughar01,1966,N,Player
hardeme01,1966,N,Player
lombaer01,1966,N,Player
newhoha01,1966,N,Player
gordojo01,1966,N,Player
doerrbo01,1966,N,Player
kellge01,1966,N,Player
hermabi01,1966,N,Player
newsobo01,1966,N,Player
lemonbo01,1966,N,Player
vernomi01,1966,N,Player
darkal01,1966,N,Player
bridgto01,1966,N,Player
thomsbo01,1966,N,Player
cavarph01,1966,N,Player
dobyla01,1966,N,Player
newcodo01,1966,N,Player
erskica01,1966,N,Player
heganji01,1966,N,Player
mcdougi01,1966,N,Player
hattogr01,1966,N,Player
lockmwh01,1966,N,Player
sauerha01,1966,N,Player
ennisde01,1966,N,Player
furilca01,1966,N,Player
grissma01,1966,N,Player
martimo01,1966,N,Player
pafkoan01,1966,N,Player
ricede01,1966,N,Player
adamsbo03,1966,N,Player
carrach01,1966,N,Player
hearnji01,1966,N,Player
hemusso01,1966,N,Player
portebo01,1966,N,Player
ruffire01,1967,Y,Player
medwijo01,1967,N,Player
medwijo01,1967,N,Player
ruffire01,1967,N,Player
camparo01,1967,N,Player
camparo01,1967,N,Player
boudrlo01,1967,N,Player
kinerra01,1967,N,Player
slaugen01,1967,N,Player
lopezal01,1967,N,Player
marioma01,1967,N,Player
mizejo01,1967,N,Player
reesepe01,1967,N,Player
vandejo01,1967,N,Player
reynoal01,1967,N,Player
rizzuph01,1967,N,Player
boudrlo01,1967,N,Player
gordojo01,1967,N,Player
waltebu01,1967,N,Player
newhoha01,1967,N,Player
hermabi01,1967,N,Player
hardeme01,1967,N,Player
lopezal01,1967,N,Player
slaugen01,1967,N,Player
vaughar01,1967,N,Player
lombaer01,1967,N,Player
kinerra01,1967,N,Player
kellge01,1967,N,Player
darkal01,1967,N,Player
doerrbo01,1967,N,Player
lemonbo01,1967,N,Player
vandejo01,1967,N,Player
lombaer01,1967,N,Player
waltebu01,1967,N,Player
bauerha01,1967,N,Player
marioma01,1967,N,Player
newsobo01,1967,N,Player
reynoal01,1967,N,Player
vaughar01,1967,N,Player
newcodo01,1967,N,Player
reesepe01,1967,N,Player
cavarph01,1967,N,Player
doerrbo01,1967,N,Player
vernomi01,1967,N,Player
hardeme01,1967,N,Player
hermabi01,1967,N,Player
mizejo01,1967,N,Player
rizzuph01,1967,N,Player
gordojo01,1967,N,Player
newhoha01,1967,N,Player
kellge01,1967,N,Player
dobyla01,1967,N,Player
thomsbo01,1967,N,Player
kluszte01,1967,N,Player
bauerha01,1967,N,Player
darkal01,1967,N,Player
lemonbo01,1967,N,Player
newsobo01,1967,N,Player
mcdougi01,1967,N,Player
cavarph01,1967,N,Player
jenseja01,1967,N,Player
moorete01,1967,N,Player
ennisde01,1967,N,Player
furilca01,1967,N,Player
heganji01,1967,N,Player
torgeea01,1967,N,Player
valoel01,1967,N,Player
newcodo01,1967,N,Player
vernomi01,1967,N,Player
courtcl01,1967,N,Player
dropowa01,1967,N,Player
garvene01,1967,N,Player
hattogr01,1967,N,Player
hearnji01,1967,N,Player
martibi02,1967,N,Player
pafkoan01,1967,N,Player
dobyla01,1967,N,Player
thomsbo01,1967,N,Player
wanerll01,1967,Y,Player
medwijo01,1968,Y,Player
camparo01,1968,N,Player
boudrlo01,1968,N,Player
slaugen01,1968,N,Player
kinerra01,1968,N,Player
mizejo01,1968,N,Player
reynoal01,1968,N,Player
marioma01,1968,N,Player
vaughar01,1968,N,Player
reesepe01,1968,N,Player
vandejo01,1968,N,Player
gordojo01,1968,N,Player
rizzuph01,1968,N,Player
newhoha01,1968,N,Player
waltebu01,1968,N,Player
doerrbo01,1968,N,Player
kellge01,1968,N,Player
lemonbo01,1968,N,Player
darkal01,1968,N,Player
moorete01,1968,N,Player
cavarph01,1968,N,Player
henrito01,1968,N,Player
newsobo01,1968,N,Player
vernomi01,1968,N,Player
crosefr01,1968,N,Player
kluszte01,1968,N,Player
thomsbo01,1968,N,Player
kellech01,1968,N,Player
maglisa01,1968,N,Player
erskica01,1968,N,Player
newcodo01,1968,N,Player
coopewa01,1968,N,Player
dimagdo01,1968,N,Player
sainjo01,1968,N,Player
ashburi01,1968,N,Player
rowesc01,1968,N,Player
walkedi02,1968,N,Player
blackew01,1968,N,Player
leonadu02,1968,N,Player
mcdougi01,1968,N,Player
moseswa01,1968,N,Player
brechha01,1968,N,Player
jenseja01,1968,N,Player
mccorfr01,1968,N,Player
galanau01,1968,N,Player
lopated01,1968,N,Player
roepr01,1968,N,Player
raschvi01,1968,N,Player
cuyleki01,1968,Y,Player
gosligo01,1968,Y,Player
musiast01,1969,Y,Player
camparo01,1969,Y,Player
boudrlo01,1969,N,Player
kinerra01,1969,N,Player
slaugen01,1969,N,Player
mizejo01,1969,N,Player
marioma01,1969,N,Player
reynoal01,1969,N,Player
gordojo01,1969,N,Player
vandejo01,1969,N,Player
wynnea01,1969,N,Player
reesepe01,1969,N,Player
hodgegi01,1969,N,Player
newhoha01,1969,N,Player
rizzuph01,1969,N,Player
schoere01,1969,N,Player
doerrbo01,1969,N,Player
kellge01,1969,N,Player
lemonbo01,1969,N,Player
henrito01,1969,N,Player
darkal01,1969,N,Player
cavarph01,1969,N,Player
newsobo01,1969,N,Player
vernomi01,1969,N,Player
waltebu01,1969,N,Player
rowesc01,1969,N,Player
kellech01,1969,N,Player
dimagdo01,1969,N,Player
blackew01,1969,N,Player
kluszte01,1969,N,Player
ashburi01,1969,N,Player
walkedi02,1969,N,Player
sainjo01,1969,N,Player
minosmi01,1969,N,Player
thomsbo01,1969,N,Player
coopewa01,1969,N,Player
erskica01,1969,N,Player
leonadu02,1969,N,Player
moseswa01,1969,N,Player
coopemo01,1969,N,Player
mcdougi01,1969,N,Player
newcodo01,1969,N,Player
raschvi01,1969,N,Player
brechha01,1969,N,Player
lopated01,1969,N,Player
jenseja01,1969,N,Player
covelst01,1969,Y,Player
hoytwa01,1969,Y,Player
boudrlo01,1970,Y,Player
kinerra01,1970,N,Player
hodgegi01,1970,N,Player
wynnea01,1970,N,Player
slaugen01,1970,N,Player
mizejo01,1970,N,Player
marioma01,1970,N,Player
reesepe01,1970,N,Player
schoere01,1970,N,Player
kellge01,1970,N,Player
reynoal01,1970,N,Player
vandejo01,1970,N,Player
newhoha01,1970,N,Player
gordojo01,1970,N,Player
rizzuph01,1970,N,Player
doerrbo01,1970,N,Player
lemonbo01,1970,N,Player
henrito01,1970,N,Player
darkal01,1970,N,Player
cavarph01,1970,N,Player
snidedu01,1970,N,Player
waltebu01,1970,N,Player
dimagdo01,1970,N,Player
blackew01,1970,N,Player
newsobo01,1970,N,Player
ashburi01,1970,N,Player
vernomi01,1970,N,Player
coopewa01,1970,N,Player
sainjo01,1970,N,Player
kluszte01,1970,N,Player
kellech01,1970,N,Player
shantbo01,1970,N,Player
leonadu02,1970,N,Player
moseswa01,1970,N,Player
newcodo01,1970,N,Player
piercbi02,1970,N,Player
thomsbo01,1970,N,Player
brechha01,1970,N,Player
galanau01,1970,N,Player
erskica01,1970,N,Player
furilca01,1970,N,Player
wertzvi01,1970,N,Player
jenseja01,1970,N,Player
lopated01,1970,N,Player
mcdougi01,1970,N,Player
roepr01,1970,N,Player
combsea01,1970,Y,Player
haineje01,1970,Y,Player
berrayo01,1971,N,Player
wynnea01,1971,N,Player
kinerra01,1971,N,Player
hodgegi01,1971,N,Player
slaugen01,1971,N,Player
mizejo01,1971,N,Player
reesepe01,1971,N,Player
marioma01,1971,N,Player
schoere01,1971,N,Player
reynoal01,1971,N,Player
kellge01,1971,N,Player
vandejo01,1971,N,Player
newhoha01,1971,N,Player
rizzuph01,1971,N,Player
lemonbo01,1971,N,Player
snidedu01,1971,N,Player
cavarph01,1971,N,Player
doerrbo01,1971,N,Player
darkal01,1971,N,Player
foxne01,1971,N,Player
newsobo01,1971,N,Player
dimagdo01,1971,N,Player
kellech01,1971,N,Player
vernomi01,1971,N,Player
sainjo01,1971,N,Player
ashburi01,1971,N,Player
haddiha01,1971,N,Player
kluszte01,1971,N,Player
newcodo01,1971,N,Player
brechha01,1971,N,Player
coopewa01,1971,N,Player
moseswa01,1971,N,Player
piercbi02,1971,N,Player
furilca01,1971,N,Player
shantbo01,1971,N,Player
lopated01,1971,N,Player
mcdougi01,1971,N,Player
sievero01,1971,N,Player
thomsbo01,1971,N,Player
erskica01,1971,N,Player
leonadu02,1971,N,Player
roepr01,1971,N,Player
jenseja01,1971,N,Player
moonwa01,1971,N,Player
powervi01,1971,N,Player
raschvi01,1971,N,Player
wertzvi01,1971,N,Player
brutobi01,1971,N,Player
bancrda01,1971,Y,Player
becklja01,1971,Y,Player
hafeych01,1971,Y,Player
hoopeha01,1971,Y,Player
kellejo01,1971,Y,Player
marquru01,1971,Y,Player
paigesa01,1971,Y,Player
koufasa01,1972,Y,Player
berrayo01,1972,Y,Player
wynnea01,1972,Y,Player
kinerra01,1972,N,Player
hodgegi01,1972,N,Player
mizejo01,1972,N,Player
slaugen01,1972,N,Player
reesepe01,1972,N,Player
marioma01,1972,N,Player
lemonbo01,1972,N,Player
kellge01,1972,N,Player
reynoal01,1972,N,Player
schoere01,1972,N,Player
rizzuph01,1972,N,Player
newhoha01,1972,N,Player
snidedu01,1972,N,Player
foxne01,1972,N,Player
cavarph01,1972,N,Player
darkal01,1972,N,Player
dimagdo01,1972,N,Player
newsobo01,1972,N,Player
kellech01,1972,N,Player
sainjo01,1972,N,Player
vernomi01,1972,N,Player
ashburi01,1972,N,Player
kluszte01,1972,N,Player
thomsbo01,1972,N,Player
haddiha01,1972,N,Player
mcmilro01,1972,N,Player
shantbo01,1972,N,Player
coopewa01,1972,N,Player
richabo01,1972,N,Player
newcodo01,1972,N,Player
brechha01,1972,N,Player
leonadu02,1972,N,Player
erskica01,1972,N,Player
mcdougi01,1972,N,Player
piercbi02,1972,N,Player
raschvi01,1972,N,Player
wertzvi01,1972,N,Player
powervi01,1972,N,Player
sievero01,1972,N,Player
furilca01,1972,N,Player
lopated01,1972,N,Player
roepr01,1972,N,Player
jenseja01,1972,N,Player
gibsojo99,1972,Y,Player
gomezle01,1972,Y,Player
leonabu99,1972,Y,Player
youngro01,1972,Y,Player
spahnwa01,1973,Y,Player
fordwh01,1973,N,Player
kinerra01,1973,N,Player
hodgegi01,1973,N,Player
roberro01,1973,N,Player
lemonbo01,1973,N,Player
mizejo01,1973,N,Player
slaugen01,1973,N,Player
marioma01,1973,N,Player
reesepe01,1973,N,Player
kellge01,1973,N,Player
rizzuph01,1973,N,Player
snidedu01,1973,N,Player
schoere01,1973,N,Player
reynoal01,1973,N,Player
newhoha01,1973,N,Player
cavarph01,1973,N,Player
foxne01,1973,N,Player
darkal01,1973,N,Player
sainjo01,1973,N,Player
dimagdo01,1973,N,Player
newsobo01,1973,N,Player
ashburi01,1973,N,Player
vernomi01,1973,N,Player
kluszte01,1973,N,Player
burdele01,1973,N,Player
newcodo01,1973,N,Player
lawve01,1973,N,Player
coopewa01,1973,N,Player
groatdi01,1973,N,Player
raschvi01,1973,N,Player
leonadu02,1973,N,Player
mcmilro01,1973,N,Player
shantbo01,1973,N,Player
simmocu01,1973,N,Player
erskica01,1973,N,Player
piercbi02,1973,N,Player
brechha01,1973,N,Player
thomsbo01,1973,N,Player
mcdougi01,1973,N,Player
richabo01,1973,N,Player
wertzvi01,1973,N,Player
burgesm01,1973,N,Player
haddiha01,1973,N,Player
clemero01,1973,Y,Player
irvinmo01,1973,Y,Player
kellyge01,1973,Y,Player
welchmi01,1973,Y,Player
mantlmi01,1974,Y,Player
fordwh01,1974,Y,Player
roberro01,1974,N,Player
kinerra01,1974,N,Player
hodgegi01,1974,N,Player
lemonbo01,1974,N,Player
slaugen01,1974,N,Player
reesepe01,1974,N,Player
matheed01,1974,N,Player
rizzuph01,1974,N,Player
snidedu01,1974,N,Player
schoere01,1974,N,Player
reynoal01,1974,N,Player
kellge01,1974,N,Player
foxne01,1974,N,Player
marisro01,1974,N,Player
newhoha01,1974,N,Player
cavarph01,1974,N,Player
ashburi01,1974,N,Player
darkal01,1974,N,Player
sainjo01,1974,N,Player
larsedo01,1974,N,Player
kluszte01,1974,N,Player
vernomi01,1974,N,Player
howarel01,1974,N,Player
erskica01,1974,N,Player
coopewa01,1974,N,Player
haddiha01,1974,N,Player
burdele01,1974,N,Player
newcodo01,1974,N,Player
thomsbo01,1974,N,Player
lawve01,1974,N,Player
richabo01,1974,N,Player
groatdi01,1974,N,Player
mcmilro01,1974,N,Player
piercbi02,1974,N,Player
mcdougi01,1974,N,Player
raschvi01,1974,N,Player
shantbo01,1974,N,Player
simmocu01,1974,N,Player
virdobi01,1974,N,Player
burgesm01,1974,N,Player
colavro01,1974,N,Player
wertzvi01,1974,N,Player
bellco99,1974,Y,Player
bottoji01,1974,Y,Player
thompsa01,1974,Y,Player
kinerra01,1975,Y,Player
roberro01,1975,N,Player
lemonbo01,1975,N,Player
hodgegi01,1975,N,Player
slaugen01,1975,N,Player
newhoha01,1975,N,Player
reesepe01,1975,N,Player
matheed01,1975,N,Player
cavarph01,1975,N,Player
snidedu01,1975,N,Player
sainjo01,1975,N,Player
rizzuph01,1975,N,Player
kellge01,1975,N,Player
schoere01,1975,N,Player
ashburi01,1975,N,Player
drysddo01,1975,N,Player
foxne01,1975,N,Player
marisro01,1975,N,Player
darkal01,1975,N,Player
raschvi01,1975,N,Player
kluszte01,1975,N,Player
howarel01,1975,N,Player
larsedo01,1975,N,Player
vernomi01,1975,N,Player
coopewa01,1975,N,Player
burdele01,1975,N,Player
newcodo01,1975,N,Player
thomsbo01,1975,N,Player
boyerke01,1975,N,Player
haddiha01,1975,N,Player
whitewi01,1975,N,Player
lawve01,1975,N,Player
wertzvi01,1975,N,Player
groatdi01,1975,N,Player
podrejo01,1975,N,Player
colavro01,1975,N,Player
virdobi01,1975,N,Player
averiea01,1975,Y,Player
hermabi01,1975,Y,Player
johnsju99,1975,Y,Player
roberro01,1976,Y,Player
lemonbo01,1976,Y,Player
hodgegi01,1976,N,Player
slaugen01,1976,N,Player
matheed01,1976,N,Player
reesepe01,1976,N,Player
foxne01,1976,N,Player
snidedu01,1976,N,Player
rizzuph01,1976,N,Player
kellge01,1976,N,Player
schoere01,1976,N,Player
drysddo01,1976,N,Player
marisro01,1976,N,Player
ashburi01,1976,N,Player
darkal01,1976,N,Player
coopewa01,1976,N,Player
howarel01,1976,N,Player
vernomi01,1976,N,Player
kluszte01,1976,N,Player
larsedo01,1976,N,Player
facero01,1976,N,Player
burdele01,1976,N,Player
newcodo01,1976,N,Player
boyerke01,1976,N,Player
crandde01,1976,N,Player
lawve01,1976,N,Player
thomsbo01,1976,N,Player
haddiha01,1976,N,Player
groatdi01,1976,N,Player
whitewi01,1976,N,Player
wertzvi01,1976,N,Player
podrejo01,1976,N,Player
charlos99,1976,Y,Player
connoro01,1976,Y,Player
lindsfr01,1976,Y,Player
bankser01,1977,Y,Player
matheed01,1977,N,Player
hodgegi01,1977,N,Player
slaugen01,1977,N,Player
snidedu01,1977,N,Player
drysddo01,1977,N,Player
reesepe01,1977,N,Player
foxne01,1977,N,Player
bunniji01,1977,N,Player
kellge01,1977,N,Player
ashburi01,1977,N,Player
schoere01,1977,N,Player
burdele01,1977,N,Player
marisro01,1977,N,Player
darkal01,1977,N,Player
kuennha01,1977,N,Player
kluszte01,1977,N,Player
vernomi01,1977,N,Player
coopewa01,1977,N,Player
howarel01,1977,N,Player
newcodo01,1977,N,Player
larsedo01,1977,N,Player
facero01,1977,N,Player
floodcu01,1977,N,Player
boyerke01,1977,N,Player
thomsbo01,1977,N,Player
crandde01,1977,N,Player
haddiha01,1977,N,Player
lawve01,1977,N,Player
groatdi01,1977,N,Player
wertzvi01,1977,N,Player
whitewi01,1977,N,Player
pascuca02,1977,N,Player
podrejo01,1977,N,Player
dihigma99,1977,Y,Player
lloydpo99,1977,Y,Player
rusieam01,1977,Y,Player
seweljo01,1977,Y,Player
matheed01,1978,Y,Player
slaugen01,1978,N,Player
snidedu01,1978,N,Player
hodgegi01,1978,N,Player
drysddo01,1978,N,Player
bunniji01,1978,N,Player
reesepe01,1978,N,Player
ashburi01,1978,N,Player
wilheho01,1978,N,Player
foxne01,1978,N,Player
schoere01,1978,N,Player
willsma01,1978,N,Player
marisro01,1978,N,Player
burdele01,1978,N,Player
vernomi01,1978,N,Player
darkal01,1978,N,Player
kuennha01,1978,N,Player
kluszte01,1978,N,Player
newcodo01,1978,N,Player
howarel01,1978,N,Player
larsedo01,1978,N,Player
facero01,1978,N,Player
mazerbi01,1978,N,Player
boyerke01,1978,N,Player
floodcu01,1978,N,Player
haddiha01,1978,N,Player
crandde01,1978,N,Player
lawve01,1978,N,Player
thomsbo01,1978,N,Player
wertzvi01,1978,N,Player
groatdi01,1978,N,Player
malonji01,1978,N,Player
boyercl02,1978,N,Player
mclaide01,1978,N,Player
pascuca02,1978,N,Player
grantmu01,1978,N,Player
ramospe01,1978,N,Player
jossad01,1978,Y,Player
mayswi01,1979,Y,Player
snidedu01,1979,N,Player
slaugen01,1979,N,Player
hodgegi01,1979,N,Player
drysddo01,1979,N,Player
foxne01,1979,N,Player
wilheho01,1979,N,Player
willsma01,1979,N,Player
schoere01,1979,N,Player
bunniji01,1979,N,Player
ashburi01,1979,N,Player
marisro01,1979,N,Player
aparilu01,1979,N,Player
vernomi01,1979,N,Player
darkal01,1979,N,Player
kuennha01,1979,N,Player
kluszte01,1979,N,Player
burdele01,1979,N,Player
larsedo01,1979,N,Player
newcodo01,1979,N,Player
mazerbi01,1979,N,Player
facero01,1979,N,Player
howarel01,1979,N,Player
boyerke01,1979,N,Player
floodcu01,1979,N,Player
thomsbo01,1979,N,Player
crandde01,1979,N,Player
lawve01,1979,N,Player
haddiha01,1979,N,Player
howarfr01,1979,N,Player
perraro01,1979,N,Player
pappami01,1979,N,Player
boyercl02,1979,N,Player
mclaide01,1979,N,Player
malonji01,1979,N,Player
callijo01,1979,N,Player
lanieha01,1979,N,Player
shortch02,1979,N,Player
ageeto01,1979,N,Player
allenbe01,1979,N,Player
alleyge01,1979,N,Player
beaucji01,1979,N,Player
bolinbo01,1979,N,Player
culpra01,1979,N,Player
fisheed02,1979,N,Player
gladdfr01,1979,N,Player
mayje01,1979,N,Player
paganjo01,1979,N,Player
pepitjo01,1979,N,Player
reeseri01,1979,N,Player
stahlla01,1979,N,Player
stephjo03,1979,N,Player
stewaji01,1979,N,Player
torboje01,1979,N,Player
wilsoha01,1979,Y,Player
kalinal01,1980,Y,Player
snidedu01,1980,Y,Player
drysddo01,1980,N,Player
hodgegi01,1980,N,Player
wilheho01,1980,N,Player
bunniji01,1980,N,Player
schoere01,1980,N,Player
foxne01,1980,N,Player
willsma01,1980,N,Player
ashburi01,1980,N,Player
aparilu01,1980,N,Player
marisro01,1980,N,Player
vernomi01,1980,N,Player
kuennha01,1980,N,Player
burdele01,1980,N,Player
newcodo01,1980,N,Player
kluszte01,1980,N,Player
cepedor01,1980,N,Player
darkal01,1980,N,Player
mazerbi01,1980,N,Player
larsedo01,1980,N,Player
howarel01,1980,N,Player
facero01,1980,N,Player
santoro01,1980,N,Player
cashno01,1980,N,Player
alouma01,1980,N,Player
aloufe01,1980,N,Player
stottme01,1980,N,Player
blassst01,1980,N,Player
hickmji02,1980,N,Player
jacksso01,1980,N,Player
mcmahdo02,1980,N,Player
akerja01,1980,N,Player
barbest01,1980,N,Player
bartobo01,1980,N,Player
boccajo01,1980,N,Player
brownla01,1980,N,Player
cannich01,1980,N,Player
casanpa01,1980,N,Player
clarkho01,1980,N,Player
edwarjo01,1980,N,Player
gagliph01,1980,N,Player
gosgeji01,1980,N,Player
huntro01,1980,N,Player
kennejo03,1980,N,Player
koscoan01,1980,N,Player
krausle02,1980,N,Player
linzyfr01,1980,N,Player
menkede01,1980,N,Player
millebo04,1980,N,Player
milleno01,1980,N,Player
murreiv01,1980,N,Player
pizarju01,1980,N,Player
rayji01,1980,N,Player
reichri01,1980,N,Player
richepe01,1980,N,Player
ryanmi02,1980,N,Player
schaapa01,1980,N,Player
selmadi01,1980,N,Player
simsdu01,1980,N,Player
vealebo01,1980,N,Player
kleinch01,1980,Y,Player
gibsobo01,1981,Y,Player
drysddo01,1981,N,Player
hodgegi01,1981,N,Player
killeha01,1981,N,Player
wilheho01,1981,N,Player
maricju01,1981,N,Player
foxne01,1981,N,Player
schoere01,1981,N,Player
bunniji01,1981,N,Player
willsma01,1981,N,Player
ashburi01,1981,N,Player
marisro01,1981,N,Player
kuennha01,1981,N,Player
howarel01,1981,N,Player
cepedor01,1981,N,Player
munsoth01,1981,N,Player
kluszte01,1981,N,Player
aparilu01,1981,N,Player
burdele01,1981,N,Player
mazerbi01,1981,N,Player
larsedo01,1981,N,Player
facero01,1981,N,Player
pinsova01,1981,N,Player
perryji01,1981,N,Player
mcnalda01,1981,N,Player
osteecl01,1981,N,Player
beckegl01,1981,N,Player
brownga01,1981,N,Player
cardele01,1981,N,Player
mcdanli01,1981,N,Player
northji01,1981,N,Player
siebeso01,1981,N,Player
berryke01,1981,N,Player
briggjo02,1981,N,Player
handsbi01,1981,N,Player
lockebo01,1981,N,Player
maxvida01,1981,N,Player
mcauldi01,1981,N,Player
mcdowsa01,1981,N,Player
mizejo01,1981,Y,Player
aaronha01,1982,Y,Player
robinfr02,1982,Y,Player
maricju01,1982,N,Player
killeha01,1982,N,Player
wilheho01,1982,N,Player
drysddo01,1982,N,Player
hodgegi01,1982,N,Player
aparilu01,1982,N,Player
bunniji01,1982,N,Player
schoere01,1982,N,Player
foxne01,1982,N,Player
ashburi01,1982,N,Player
willibi01,1982,N,Player
willsma01,1982,N,Player
marisro01,1982,N,Player
olivato01,1982,N,Player
kuennha01,1982,N,Player
burdele01,1982,N,Player
cepedor01,1982,N,Player
howarel01,1982,N,Player
larsedo01,1982,N,Player
mazerbi01,1982,N,Player
munsoth01,1982,N,Player
facero01,1982,N,Player
pinsova01,1982,N,Player
davisto02,1982,N,Player
mcnalda01,1982,N,Player
mcdanli01,1982,N,Player
petrori01,1982,N,Player
breweji01,1982,N,Player
freehbi01,1982,N,Player
cardele01,1982,N,Player
osteecl01,1982,N,Player
brownga01,1982,N,Player
harpeto01,1982,N,Player
johnsal01,1982,N,Player
johnsde01,1982,N,Player
jonescl01,1982,N,Player
northji01,1982,N,Player
siebeso01,1982,N,Player
tayloto02,1982,N,Player
tovarce01,1982,N,Player
jackstr01,1982,Y,Player
robinbr01,1983,Y,Player
maricju01,1983,Y,Player
killeha01,1983,N,Player
aparilu01,1983,N,Player
wilheho01,1983,N,Player
drysddo01,1983,N,Player
hodgegi01,1983,N,Player
foxne01,1983,N,Player
willibi01,1983,N,Player
schoere01,1983,N,Player
bunniji01,1983,N,Player
kuennha01,1983,N,Player
willsma01,1983,N,Player
olivato01,1983,N,Player
marisro01,1983,N,Player
cepedor01,1983,N,Player
mazerbi01,1983,N,Player
burdele01,1983,N,Player
facero01,1983,N,Player
howarel01,1983,N,Player
larsedo01,1983,N,Player
torrejo01,1983,N,Player
munsoth01,1983,N,Player
allendi01,1983,N,Player
pinsova01,1983,N,Player
perryji01,1983,N,Player
powelbo01,1983,N,Player
sadecra01,1983,N,Player
giustda01,1983,N,Player
helmsto01,1983,N,Player
millafe01,1983,N,Player
cuellmi01,1983,N,Player
dierkla01,1983,N,Player
dobsopa01,1983,N,Player
downial01,1983,N,Player
hoernjo01,1983,N,Player
hundlra01,1983,N,Player
mayca01,1983,N,Player
mcmulke01,1983,N,Player
meltobi01,1983,N,Player
nolanga01,1983,N,Player
raderdo02,1983,N,Player
rojasco01,1983,N,Player
seguidi01,1983,N,Player
singebi01,1983,N,Player
wynnji01,1983,N,Player
kellge01,1983,Y,Player
aparilu01,1984,Y,Player
killeha01,1984,Y,Player
drysddo01,1984,Y,Player
wilheho01,1984,N,Player
foxne01,1984,N,Player
willibi01,1984,N,Player
bunniji01,1984,N,Player
cepedor01,1984,N,Player
olivato01,1984,N,Player
marisro01,1984,N,Player
kuennha01,1984,N,Player
willsma01,1984,N,Player
burdele01,1984,N,Player
mazerbi01,1984,N,Player
facero01,1984,N,Player
howarel01,1984,N,Player
torrejo01,1984,N,Player
munsoth01,1984,N,Player
larsedo01,1984,N,Player
woodwi01,1984,N,Player
fregoji01,1984,N,Player
boutoji01,1984,N,Player
johnsda02,1984,N,Player
stanlmi01,1984,N,Player
bailebo01,1984,N,Player
brilene01,1984,N,Player
carrocl02,1984,N,Player
colboji01,1984,N,Player
fairlro01,1984,N,Player
ferreri01,1984,Y,Player
reesepe01,1984,Y,Player
wilheho01,1985,Y,Player
brocklo01,1985,Y,Player
foxne01,1985,N,Player
willibi01,1985,N,Player
bunniji01,1985,N,Player
hunteca01,1985,N,Player
marisro01,1985,N,Player
kuennha01,1985,N,Player
cepedor01,1985,N,Player
olivato01,1985,N,Player
willsma01,1985,N,Player
mazerbi01,1985,N,Player
burdele01,1985,N,Player
lolicmi01,1985,N,Player
boyerke01,1985,N,Player
facero01,1985,N,Player
howarel01,1985,N,Player
santoro01,1985,N,Player
torrejo01,1985,N,Player
larsedo01,1985,N,Player
munsoth01,1985,N,Player
allendi01,1985,N,Player
floodcu01,1985,N,Player
pinsova01,1985,N,Player
woodwi01,1985,N,Player
haddiha01,1985,N,Player
mcnalda01,1985,N,Player
holtzke01,1985,N,Player
fairlro01,1985,N,Player
lonboji01,1985,N,Player
messean01,1985,N,Player
kessido01,1985,N,Player
mclaide01,1985,N,Player
alouje01,1985,N,Player
cartyri01,1985,N,Player
ellisdo01,1985,N,Player
carrocl02,1985,N,Player
kraneed01,1985,N,Player
scottge02,1985,N,Player
tolanbo01,1985,N,Player
whitero01,1985,N,Player
slaugen01,1985,Y,Player
vaughar01,1985,Y,Player
mccovwi01,1986,Y,Player
willibi01,1986,N,Player
hunteca01,1986,N,Player
bunniji01,1986,N,Player
marisro01,1986,N,Player
olivato01,1986,N,Player
cepedor01,1986,N,Player
kuennha01,1986,N,Player
willsma01,1986,N,Player
mazerbi01,1986,N,Player
burdele01,1986,N,Player
boyerke01,1986,N,Player
minosmi01,1986,N,Player
lolicmi01,1986,N,Player
facero01,1986,N,Player
santoro01,1986,N,Player
torrejo01,1986,N,Player
howarel01,1986,N,Player
floodcu01,1986,N,Player
pinsova01,1986,N,Player
allendi01,1986,N,Player
munsoth01,1986,N,Player
larsedo01,1986,N,Player
woodwi01,1986,N,Player
mccarti01,1986,N,Player
mcnalda01,1986,N,Player
hillejo01,1986,N,Player
blairpa01,1986,N,Player
richajr01,1986,N,Player
holtzke01,1986,N,Player
hortowi01,1986,N,Player
lonboji01,1986,N,Player
messean01,1986,N,Player
cashda01,1986,N,Player
sanguma01,1986,N,Player
billija01,1986,N,Player
cardejo02,1986,N,Player
harrebu01,1986,N,Player
scottge02,1986,N,Player
davalvi01,1986,N,Player
knowlda01,1986,N,Player
doerrbo01,1986,Y,Player
lombaer01,1986,Y,Player
willibi01,1987,Y,Player
hunteca01,1987,Y,Player
bunniji01,1987,N,Player
cepedor01,1987,N,Player
marisro01,1987,N,Player
olivato01,1987,N,Player
kuennha01,1987,N,Player
mazerbi01,1987,N,Player
willsma01,1987,N,Player
boyerke01,1987,N,Player
burdele01,1987,N,Player
lolicmi01,1987,N,Player
minosmi01,1987,N,Player
facero01,1987,N,Player
santoro01,1987,N,Player
allendi01,1987,N,Player
floodcu01,1987,N,Player
pinsova01,1987,N,Player
torrejo01,1987,N,Player
howarel01,1987,N,Player
larsedo01,1987,N,Player
munsoth01,1987,N,Player
woodwi01,1987,N,Player
bondsbo01,1987,N,Player
marshmi01,1987,N,Player
bandosa01,1987,N,Player
groteje01,1987,N,Player
stonest01,1987,N,Player
dandrra99,1987,Y,Player
stargwi01,1988,Y,Player
bunniji01,1988,N,Player
olivato01,1988,N,Player
cepedor01,1988,N,Player
marisro01,1988,N,Player
kuennha01,1988,N,Player
mazerbi01,1988,N,Player
tiantlu01,1988,N,Player
willsma01,1988,N,Player
boyerke01,1988,N,Player
lolicmi01,1988,N,Player
santoro01,1988,N,Player
minosmi01,1988,N,Player
facero01,1988,N,Player
pinsova01,1988,N,Player
torrejo01,1988,N,Player
lylesp01,1988,N,Player
howarel01,1988,N,Player
allendi01,1988,N,Player
floodcu01,1988,N,Player
munsoth01,1988,N,Player
larsedo01,1988,N,Player
woodwi01,1988,N,Player
bondsbo01,1988,N,Player
motama01,1988,N,Player
belanma01,1988,N,Player
leebi03,1988,N,Player
mayle01,1988,N,Player
smithre06,1988,N,Player
hraboal01,1988,N,Player
bahnsst01,1988,N,Player
grimsro02,1988,N,Player
hislela01,1988,N,Player
jacksgr01,1988,N,Player
jonesra01,1988,N,Player
maybejo01,1988,N,Player
mcgloly01,1988,N,Player
medicdo01,1988,N,Player
milnejo01,1988,N,Player
montawi01,1988,N,Player
rudijo01,1988,N,Player
spencji01,1988,N,Player
unserde01,1988,N,Player
wiseri01,1988,N,Player
benchjo01,1989,Y,Player
yastrca01,1989,Y,Player
perryga01,1989,N,Player
bunniji01,1989,N,Player
jenkife01,1989,N,Player
cepedor01,1989,N,Player
olivato01,1989,N,Player
mazerbi01,1989,N,Player
kuennha01,1989,N,Player
willsma01,1989,N,Player
kaatji01,1989,N,Player
santoro01,1989,N,Player
boyerke01,1989,N,Player
minosmi01,1989,N,Player
facero01,1989,N,Player
lolicmi01,1989,N,Player
tiantlu01,1989,N,Player
torrejo01,1989,N,Player
allendi01,1989,N,Player
pinsova01,1989,N,Player
munsoth01,1989,N,Player
bondsbo01,1989,N,Player
floodcu01,1989,N,Player
lylesp01,1989,N,Player
campabe01,1989,N,Player
woodwi01,1989,N,Player
motama01,1989,N,Player
murcebo01,1989,N,Player
moneydo01,1989,N,Player
tenacge01,1989,N,Player
barrji01,1989,N,Player
crowlte01,1989,N,Player
fergujo01,1989,N,Player
frymawo01,1989,N,Player
geronce01,1989,N,Player
goltzda01,1989,N,Player
matlajo01,1989,N,Player
mayru01,1989,N,Player
mcbriba01,1989,N,Player
robinbi02,1989,N,Player
ziskri01,1989,N,Player
schoere01,1989,Y,Player
palmeji01,1990,Y,Player
morgajo02,1990,Y,Player
perryga01,1990,N,Player
jenkife01,1990,N,Player
bunniji01,1990,N,Player
cepedor01,1990,N,Player
olivato01,1990,N,Player
mazerbi01,1990,N,Player
kuennha01,1990,N,Player
santoro01,1990,N,Player
willsma01,1990,N,Player
kaatji01,1990,N,Player
boyerke01,1990,N,Player
allendi01,1990,N,Player
torrejo01,1990,N,Player
minosmi01,1990,N,Player
facero01,1990,N,Player
tiantlu01,1990,N,Player
pinsova01,1990,N,Player
floodcu01,1990,N,Player
munsoth01,1990,N,Player
bondsbo01,1990,N,Player
lolicmi01,1990,N,Player
lylesp01,1990,N,Player
mcgratu01,1990,N,Player
dentbu01,1990,N,Player
watsobo01,1990,N,Player
mondari01,1990,N,Player
pinielo01,1990,N,Player
rivermi01,1990,N,Player
bibbyji01,1990,N,Player
luzingr01,1990,N,Player
remyje01,1990,N,Player
torremi01,1990,N,Player
caldwmi01,1990,N,Player
howelro02,1990,N,Player
moraljo01,1990,N,Player
otisam01,1990,N,Player
scottto01,1990,N,Player
singlke01,1990,N,Player
splitpa01,1990,N,Player
stearjo01,1990,N,Player
summech01,1990,N,Player
tidrodi01,1990,N,Player
carewro01,1991,Y,Player
perryga01,1991,Y,Player
jenkife01,1991,Y,Player
fingero01,1991,N,Player
bunniji01,1991,N,Player
cepedor01,1991,N,Player
olivato01,1991,N,Player
mazerbi01,1991,N,Player
santoro01,1991,N,Player
kuennha01,1991,N,Player
kaatji01,1991,N,Player
willsma01,1991,N,Player
allendi01,1991,N,Player
boyerke01,1991,N,Player
torrejo01,1991,N,Player
bondsbo01,1991,N,Player
minosmi01,1991,N,Player
lolicmi01,1991,N,Player
tiantlu01,1991,N,Player
pinsova01,1991,N,Player
munsoth01,1991,N,Player
staubru01,1991,N,Player
floodcu01,1991,N,Player
oliveal01,1991,N,Player
lylesp01,1991,N,Player
bowala01,1991,N,Player
koosmje01,1991,N,Player
burroje01,1991,N,Player
hargrmi01,1991,N,Player
hebneri01,1991,N,Player
hootobu01,1991,N,Player
jorgemi01,1991,N,Player
lowenjo01,1991,N,Player
valenel01,1991,N,Player
bailobo01,1991,N,Player
bumbral01,1991,N,Player
dauerri01,1991,N,Player
gamblos01,1991,N,Player
gurala01,1991,N,Player
howear01,1991,N,Player
kisonbr01,1991,N,Player
rogerst01,1991,N,Player
wathajo01,1991,N,Player
zachrpa01,1991,N,Player
zahnge01,1991,N,Player
lazzeto01,1991,Y,Player
seaveto01,1992,Y,Player
fingero01,1992,Y,Player
cepedor01,1992,N,Player
perezto01,1992,N,Player
mazerbi01,1992,N,Player
olivato01,1992,N,Player
santoro01,1992,N,Player
kaatji01,1992,N,Player
willsma01,1992,N,Player
boyerke01,1992,N,Player
allendi01,1992,N,Player
minosmi01,1992,N,Player
torrejo01,1992,N,Player
tiantlu01,1992,N,Player
lolicmi01,1992,N,Player
floodcu01,1992,N,Player
rosepe01,1992,N,Player
bondsbo01,1992,N,Player
pinsova01,1992,N,Player
munsoth01,1992,N,Player
staubru01,1992,N,Player
fostege01,1992,N,Player
bluevi01,1992,N,Player
grichbo01,1992,N,Player
bakerdu01,1992,N,Player
kingmda01,1992,N,Player
russebi01,1992,N,Player
cedence01,1992,N,Player
yeagest01,1992,N,Player
harrato01,1992,N,Player
leonade01,1992,N,Player
dennyjo01,1992,N,Player
forscke01,1992,N,Player
maddoga01,1992,N,Player
oglivbe01,1992,N,Player
thomago01,1992,N,Player
vuckope01,1992,N,Player
newhoha01,1992,Y,Player
jacksre01,1993,Y,Player
niekrph01,1993,N,Player
cepedor01,1993,N,Player
perezto01,1993,N,Player
garvest01,1993,N,Player
olivato01,1993,N,Player
santoro01,1993,N,Player
kaatji01,1993,N,Player
allendi01,1993,N,Player
boyerke01,1993,N,Player
minosmi01,1993,N,Player
torrejo01,1993,N,Player
tiantlu01,1993,N,Player
bondsbo01,1993,N,Player
lolicmi01,1993,N,Player
munsoth01,1993,N,Player
pinsova01,1993,N,Player
bluevi01,1993,N,Player
floodcu01,1993,N,Player
staubru01,1993,N,Player
fostege01,1993,N,Player
madlobi01,1993,N,Player
rosepe01,1993,N,Player
ceyro01,1993,N,Player
decindo01,1993,N,Player
lopesda01,1993,N,Player
thornan01,1993,N,Player
campbbi02,1993,N,Player
burleri01,1993,N,Player
coopece01,1993,N,Player
matthga01,1993,N,Player
mcraeha01,1993,N,Player
porteda02,1993,N,Player
carltst01,1994,Y,Player
cepedor01,1994,N,Player
niekrph01,1994,N,Player
perezto01,1994,N,Player
suttodo01,1994,N,Player
garvest01,1994,N,Player
olivato01,1994,N,Player
santoro01,1994,N,Player
suttebr01,1994,N,Player
kaatji01,1994,N,Player
allendi01,1994,N,Player
boyerke01,1994,N,Player
torrejo01,1994,N,Player
pinsova01,1994,N,Player
minosmi01,1994,N,Player
tiantlu01,1994,N,Player
floodcu01,1994,N,Player
nettlgr01,1994,N,Player
bondsbo01,1994,N,Player
staubru01,1994,N,Player
conceda01,1994,N,Player
munsoth01,1994,N,Player
guidrro01,1994,N,Player
lolicmi01,1994,N,Player
rosepe01,1994,N,Player
simmote01,1994,N,Player
fostege01,1994,N,Player
bluevi01,1994,N,Player
baylodo01,1994,N,Player
niekrjo01,1994,N,Player
cruzjo01,1994,N,Player
garneph01,1994,N,Player
parrila01,1994,N,Player
knighra01,1994,N,Player
chambch01,1994,N,Player
hendrge01,1994,N,Player
hornebo01,1994,N,Player
mcgresc01,1994,N,Player
sotoma01,1994,N,Player
rizzuph01,1994,Y,Player
schmimi01,1995,Y,Player
niekrph01,1995,N,Player
suttodo01,1995,N,Player
perezto01,1995,N,Player
garvest01,1995,N,Player
olivato01,1995,N,Player
santoro01,1995,N,Player
riceji01,1995,N,Player
suttebr01,1995,N,Player
kaatji01,1995,N,Player
johnto01,1995,N,Player
allendi01,1995,N,Player
minosmi01,1995,N,Player
floodcu01,1995,N,Player
torrejo01,1995,N,Player
tiantlu01,1995,N,Player
conceda01,1995,N,Player
bondsbo01,1995,N,Player
pinsova01,1995,N,Player
munsoth01,1995,N,Player
nettlgr01,1995,N,Player
bluevi01,1995,N,Player
lolicmi01,1995,N,Player
guidrro01,1995,N,Player
staubru01,1995,N,Player
fostege01,1995,N,Player
baylodo01,1995,N,Player
bellbu01,1995,N,Player
evansda01,1995,N,Player
tekulke01,1995,N,Player
forscbo01,1995,N,Player
hernawi01,1995,N,Player
krukomi01,1995,N,Player
speiech01,1995,N,Player
sundbji01,1995,N,Player
alexado01,1995,N,Player
grossgr01,1995,N,Player
rhoderi01,1995,N,Player
trillma01,1995,N,Player
ashburi01,1995,Y,Player
dayle99,1995,Y,Player
willivi01,1995,Y,Player
niekrph01,1996,N,Player
perezto01,1996,N,Player
suttodo01,1996,N,Player
garvest01,1996,N,Player
santoro01,1996,N,Player
olivato01,1996,N,Player
riceji01,1996,N,Player
suttebr01,1996,N,Player
johnto01,1996,N,Player
kaatji01,1996,N,Player
allendi01,1996,N,Player
floodcu01,1996,N,Player
tiantlu01,1996,N,Player
conceda01,1996,N,Player
minosmi01,1996,N,Player
pinsova01,1996,N,Player
torrejo01,1996,N,Player
guidrro01,1996,N,Player
nettlgr01,1996,N,Player
boonebo01,1996,N,Player
lolicmi01,1996,N,Player
lynnfr01,1996,N,Player
bondsbo01,1996,N,Player
hernake01,1996,N,Player
staubru01,1996,N,Player
quiseda01,1996,N,Player
whitefr01,1996,N,Player
bucknbi01,1996,N,Player
reussje01,1996,N,Player
tudorjo01,1996,N,Player
lemonch01,1996,N,Player
kneppbo01,1996,N,Player
leonaje01,1996,N,Player
rayjo01,1996,N,Player
washicl01,1996,N,Player
bunniji01,1996,Y,Player
fostebi99,1996,Y,Player
niekrph01,1997,Y,Player
suttodo01,1997,N,Player
perezto01,1997,N,Player
santoro01,1997,N,Player
riceji01,1997,N,Player
garvest01,1997,N,Player
suttebr01,1997,N,Player
kaatji01,1997,N,Player
torrejo01,1997,N,Player
johnto01,1997,N,Player
minosmi01,1997,N,Player
parkeda01,1997,N,Player
allendi01,1997,N,Player
conceda01,1997,N,Player
tiantlu01,1997,N,Player
hernake01,1997,N,Player
lolicmi01,1997,N,Player
guidrro01,1997,N,Player
boonebo01,1997,N,Player
evansdw01,1997,N,Player
griffke01,1997,N,Player
lynnfr01,1997,N,Player
nettlgr01,1997,N,Player
bondsbo01,1997,N,Player
staubru01,1997,N,Player
reuscri01,1997,N,Player
scottmi03,1997,N,Player
templga01,1997,N,Player
kennete02,1997,N,Player
puhlte01,1997,N,Player
foxne01,1997,Y,Player
wellswi99,1997,Y,Player
suttodo01,1998,Y,Player
perezto01,1998,N,Player
santoro01,1998,N,Player
riceji01,1998,N,Player
cartega01,1998,N,Player
garvest01,1998,N,Player
suttebr01,1998,N,Player
johnto01,1998,N,Player
kaatji01,1998,N,Player
parkeda01,1998,N,Player
blylebe01,1998,N,Player
conceda01,1998,N,Player
minosmi01,1998,N,Player
tiantlu01,1998,N,Player
hernake01,1998,N,Player
evansdw01,1998,N,Player
lolicmi01,1998,N,Player
guidrro01,1998,N,Player
boonebo01,1998,N,Player
clarkja01,1998,N,Player
guerrpe01,1998,N,Player
randowi01,1998,N,Player
lansfca01,1998,N,Player
downibr01,1998,N,Player
flanami01,1998,N,Player
dempsri01,1998,N,Player
davisge01,1998,Y,Player
dobyla01,1998,Y,Player
roganbu99,1998,Y,Player
ryanno01,1999,Y,Player
brettge01,1999,Y,Player
yountro01,1999,Y,Player
fiskca01,1999,N,Player
perezto01,1999,N,Player
cartega01,1999,N,Player
garvest01,1999,N,Player
riceji01,1999,N,Player
suttebr01,1999,N,Player
kaatji01,1999,N,Player
murphda05,1999,N,Player
johnto01,1999,N,Player
parkeda01,1999,N,Player
minosmi01,1999,N,Player
blylebe01,1999,N,Player
conceda01,1999,N,Player
tiantlu01,1999,N,Player
hernake01,1999,N,Player
guidrro01,1999,N,Player
boonebo01,1999,N,Player
lolicmi01,1999,N,Player
evansdw01,1999,N,Player
bellge02,1999,N,Player
candejo01,1999,N,Player
boddimi01,1999,N,Player
leibrch01,1999,N,Player
tananfr01,1999,N,Player
wittmi01,1999,N,Player
cepedor01,1999,Y,Player
willijo99,1999,Y,Player
fiskca01,2000,Y,Player
perezto01,2000,Y,Player
riceji01,2000,N,Player
cartega01,2000,N,Player
suttebr01,2000,N,Player
gossari01,2000,N,Player
garvest01,2000,N,Player
johnto01,2000,N,Player
kaatji01,2000,N,Player
murphda05,2000,N,Player
morrija02,2000,N,Player
parkeda01,2000,N,Player
blylebe01,2000,N,Player
tiantlu01,2000,N,Player
conceda01,2000,N,Player
hernake01,2000,N,Player
guidrro01,2000,N,Player
reardje01,2000,N,Player
boonebo01,2000,N,Player
wilsowi02,2000,N,Player
sutclri01,2000,N,Player
hrbekke01,2000,N,Player
houghch01,2000,N,Player
hendeda01,2000,N,Player
saxst01,2000,N,Player
gullibi01,2000,N,Player
hurstbr01,2000,N,Player
smithlo01,2000,N,Player
welchbo01,2000,N,Player
brookhu01,2000,N,Player
mcphebi01,2000,Y,Player
steartu99,2000,Y,Player
winfida01,2001,Y,Player
puckeki01,2001,Y,Player
cartega01,2001,N,Player
riceji01,2001,N,Player
suttebr01,2001,N,Player
gossari01,2001,N,Player
garvest01,2001,N,Player
johnto01,2001,N,Player
mattido01,2001,N,Player
kaatji01,2001,N,Player
blylebe01,2001,N,Player
morrija02,2001,N,Player
murphda05,2001,N,Player
parkeda01,2001,N,Player
conceda01,2001,N,Player
tiantlu01,2001,N,Player
hernake01,2001,N,Player
stewada01,2001,N,Player
guidrro01,2001,N,Player
whitalo01,2001,N,Player
gibsoki01,2001,N,Player
parrila02,2001,N,Player
henketo01,2001,N,Player
righeda01,2001,N,Player
bedrost01,2001,N,Player
brownto05,2001,N,Player
darliro01,2001,N,Player
deshaji01,2001,N,Player
krukjo01,2001,N,Player
rijojo01,2001,N,Player
johnsho01,2001,N,Player
vanslan01,2001,N,Player
mazerbi01,2001,Y,Player
smithhi99,2001,Y,Player
smithoz01,2002,Y,Player
cartega01,2002,N,Player
riceji01,2002,N,Player
suttebr01,2002,N,Player
dawsoan01,2002,N,Player
gossari01,2002,N,Player
garvest01,2002,N,Player
johnto01,2002,N,Player
blylebe01,2002,N,Player
kaatji01,2002,N,Player
morrija02,2002,N,Player
mattido01,2002,N,Player
tiantlu01,2002,N,Player
trammal01,2002,N,Player
murphda05,2002,N,Player
parkeda01,2002,N,Player
conceda01,2002,N,Player
hernake01,2002,N,Player
guidrro01,2002,N,Player
stewada01,2002,N,Player
greenmi01,2002,N,Player
violafr01,2002,N,Player
dykstle01,2002,N,Player
wallati01,2002,N,Player
hennemi01,2002,N,Player
russeje01,2002,N,Player
sandesc02,2002,N,Player
thompro01,2002,N,Player
murraed02,2003,Y,Player
cartega01,2003,Y,Player
suttebr01,2003,N,Player
riceji01,2003,N,Player
dawsoan01,2003,N,Player
sandbry01,2003,N,Player
smithle02,2003,N,Player
gossari01,2003,N,Player
blylebe01,2003,N,Player
garvest01,2003,N,Player
kaatji01,2003,N,Player
johnto01,2003,N,Player
morrija02,2003,N,Player
trammal01,2003,N,Player
mattido01,2003,N,Player
murphda05,2003,N,Player
conceda01,2003,N,Player
parkeda01,2003,N,Player
valenfe01,2003,N,Player
hernake01,2003,N,Player
kileda01,2003,N,Player
colemvi01,2003,N,Player
butlebr01,2003,N,Player
fernasi01,2003,N,Player
honeyri01,2003,N,Player
penato01,2003,N,Player
daultda01,2003,N,Player
davisma01,2003,N,Player
tartada01,2003,N,Player
jacksda02,2003,N,Player
tettlmi01,2003,N,Player
willimi02,2003,N,Player
worreto01,2003,N,Player
molitpa01,2004,Y,Player
eckerde01,2004,Y,Player
sandbry01,2004,N,Player
suttebr01,2004,N,Player
riceji01,2004,N,Player
dawsoan01,2004,N,Player
gossari01,2004,N,Player
smithle02,2004,N,Player
blylebe01,2004,N,Player
morrija02,2004,N,Player
garvest01,2004,N,Player
johnto01,2004,N,Player
trammal01,2004,N,Player
mattido01,2004,N,Player
conceda01,2004,N,Player
parkeda01,2004,N,Player
murphda05,2004,N,Player
hernake01,2004,N,Player
cartejo01,2004,N,Player
valenfe01,2004,N,Player
martide01,2004,N,Player
stiebda01,2004,N,Player
eisenji01,2004,N,Player
keyji01,2004,N,Player
drabedo01,2004,N,Player
mitchke01,2004,N,Player
samueju01,2004,N,Player
fieldce01,2004,N,Player
myersra01,2004,N,Player
pendlte01,2004,N,Player
darwida01,2004,N,Player
tewksbo01,2004,N,Player
boggswa01,2005,Y,Player
sandbry01,2005,Y,Player
suttebr01,2005,N,Player
riceji01,2005,N,Player
gossari01,2005,N,Player
dawsoan01,2005,N,Player
blylebe01,2005,N,Player
smithle02,2005,N,Player
morrija02,2005,N,Player
johnto01,2005,N,Player
garvest01,2005,N,Player
trammal01,2005,N,Player
parkeda01,2005,N,Player
mattido01,2005,N,Player
conceda01,2005,N,Player
murphda05,2005,N,Player
mcgeewi01,2005,N,Player
abbotji01,2005,N,Player
strawda01,2005,N,Player
mcdowja01,2005,N,Player
davisch01,2005,N,Player
candito01,2005,N,Player
montgje01,2005,N,Player
phillto02,2005,N,Player
steinte01,2005,N,Player
langsma01,2005,N,Player
nixonot01,2005,N,Player
suttebr01,2006,Y,Player
riceji01,2006,N,Player
gossari01,2006,N,Player
dawsoan01,2006,N,Player
blylebe01,2006,N,Player
smithle02,2006,N,Player
morrija02,2006,N,Player
johnto01,2006,N,Player
garvest01,2006,N,Player
trammal01,2006,N,Player
parkeda01,2006,N,Player
conceda01,2006,N,Player
mattido01,2006,N,Player
hershor01,2006,N,Player
murphda05,2006,N,Player
belleal01,2006,N,Player
clarkwi02,2006,N,Player
goodedw01,2006,N,Player
mcgeewi01,2006,N,Player
guilloz01,2006,N,Player
morriha02,2006,N,Player
gaettga01,2006,N,Player
wettejo01,2006,N,Player
aguilri01,2006,N,Player
jeffegr01,2006,N,Player
jonesdo01,2006,N,Player
weisswa01,2006,N,Player
disarga01,2006,N,Player
fernaal01,2006,N,Player
brownra99,2006,Y,Player
brownwi02,2006,Y,Player
coopean99,2006,Y,Player
grantfr99,2006,Y,Player
hillpe99,2006,Y,Player
mackebi99,2006,Y,Player
mendejo99,2006,Y,Player
santolo99,2006,Y,Player
suttlmu99,2006,Y,Player
taylobe99,2006,Y,Player
torricr99,2006,Y,Player
wilsoju99,2006,Y,Player
ripkeca01,2007,Y,Player
gwynnto01,2007,Y,Player
gossari01,2007,N,Player
riceji01,2007,N,Player
dawsoan01,2007,N,Player
blylebe01,2007,N,Player
smithle02,2007,N,Player
morrija02,2007,N,Player
mcgwima01,2007,N,Player
johnto01,2007,N,Player
garvest01,2007,N,Player
conceda01,2007,N,Player
trammal01,2007,N,Player
parkeda01,2007,N,Player
mattido01,2007,N,Player
murphda05,2007,N,Player
baineha01,2007,N,Player
hershor01,2007,N,Player
belleal01,2007,N,Player
oneilpa01,2007,N,Player
saberbr01,2007,N,Player
cansejo01,2007,N,Player
fernato01,2007,N,Player
bicheda01,2007,N,Player
daviser01,2007,N,Player
bonilbo01,2007,N,Player
caminke01,2007,N,Player
buhneja01,2007,N,Player
brosisc01,2007,N,Player
joynewa01,2007,N,Player
whitede03,2007,N,Player
wittbo01,2007,N,Player
gossari01,2008,Y,Player
riceji01,2008,N,Player
dawsoan01,2008,N,Player
blylebe01,2008,N,Player
smithle02,2008,N,Player
morrija02,2008,N,Player
johnto01,2008,N,Player
raineti01,2008,N,Player
mcgwima01,2008,N,Player
trammal01,2008,N,Player
conceda01,2008,N,Player
mattido01,2008,N,Player
parkeda01,2008,N,Player
murphda05,2008,N,Player
baineha01,2008,N,Player
beckro01,2008,N,Player
frymatr01,2008,N,Player
nenro01,2008,N,Player
dunstsh01,2008,N,Player
finlech01,2008,N,Player
justida01,2008,N,Player
knoblch01,2008,N,Player
stottto01,2008,N,Player
anderbr01,2008,N,Player
rijojo01,2008,N,Player
henderi01,2009,Y,Player
riceji01,2009,Y,Player
dawsoan01,2009,N,Player
blylebe01,2009,N,Player
smithle02,2009,N,Player
morrija02,2009,N,Player
johnto01,2009,N,Player
raineti01,2009,N,Player
mcgwima01,2009,N,Player
trammal01,2009,N,Player
parkeda01,2009,N,Player
mattido01,2009,N,Player
murphda05,2009,N,Player
baineha01,2009,N,Player
gracema01,2009,N,Player
coneda01,2009,N,Player
willima04,2009,N,Player
vaughmo01,2009,N,Player
bellja01,2009,N,Player
oroscje01,2009,N,Player
gantro01,2009,N,Player
plesada01,2009,N,Player
vaughgr01,2009,N,Player
gordojo01,2009,Y,Player
dawsoan01,2010,Y,Player
blylebe01,2010,N,Player
alomaro01,2010,N,Player
morrija02,2010,N,Player
larkiba01,2010,N,Player
smithle02,2010,N,Player
martied01,2010,N,Player
raineti01,2010,N,Player
mcgwima01,2010,N,Player
trammal01,2010,N,Player
mcgrifr01,2010,N,Player
mattido01,2010,N,Player
parkeda01,2010,N,Player
murphda05,2010,N,Player
baineha01,2010,N,Player
galaran01,2010,N,Player
venturo01,2010,N,Player
karroer01,2010,N,Player
burksel01,2010,N,Player
hentgpa01,2010,N,Player
appieke01,2010,N,Player
seguida01,2010,N,Player
reynosh01,2010,N,Player
lankfra01,2010,N,Player
zeileto01,2010,N,Player
jacksmi02,2010,N,Player
alomaro01,2011,Y,Player
blylebe01,2011,Y,Player
larkiba01,2011,N,Player
morrija02,2011,N,Player
smithle02,2011,N,Player
bagweje01,2011,N,Player
raineti01,2011,N,Player
martied01,2011,N,Player
trammal01,2011,N,Player
walkela01,2011,N,Player
mcgwima01,2011,N,Player
mcgrifr01,2011,N,Player
parkeda01,2011,N,Player
mattido01,2011,N,Player
murphda05,2011,N,Player
palmera01,2011,N,Player
gonzaju03,2011,N,Player
baineha01,2011,N,Player
francjo01,2011,N,Player
brownke01,2011,N,Player
martiti02,2011,N,Player
grissma02,2011,N,Player
leiteal01,2011,N,Player
olerujo01,2011,N,Player
surhobj01,2011,N,Player
boonebr01,2011,N,Player
santibe01,2011,N,Player
baergca01,2011,N,Player
harrile01,2011,N,Player
higgibo02,2011,N,Player
johnsch04,2011,N,Player
mondera01,2011,N,Player
rueteki01,2011,N,Player
larkiba01,2012,Y,Player
morrija02,2012,N,Player
bagweje01,2012,N,Player
smithle02,2012,N,Player
raineti01,2012,N,Player
trammal01,2012,N,Player
martied01,2012,N,Player
mcgrifr01,2012,N,Player
walkela01,2012,N,Player
mcgwima01,2012,N,Player
mattido01,2012,N,Player
murphda05,2012,N,Player
palmera01,2012,N,Player
willibe02,2012,N,Player
gonzaju03,2012,N,Player
castivi02,2012,N,Player
salmoti01,2012,N,Player
muellbi02,2012,N,Player
radkebr01,2012,N,Player
lopezja01,2012,N,Player
younger01,2012,N,Player
nevinph01,2012,N,Player
jordabr01,2012,N,Player
sierrru01,2012,N,Player
burnije01,2012,N,Player
mulhote01,2012,N,Player
womacto01,2012,N,Player
santoro01,2012,Y,Player
biggicr01,2013,N,Player
morrija02,2013,N,Player
bagweje01,2013,N,Player
piazzmi01,2013,N,Player
raineti01,2013,N,Player
smithle02,2013,N,Player
schilcu01,2013,N,Player
clemero02,2013,N,Player
bondsba01,2013,N,Player
martied01,2013,N,Player
trammal01,2013,N,Player
walkela01,2013,N,Player
mcgrifr01,2013,N,Player
murphda05,2013,N,Player
mcgwima01,2013,N,Player
mattido01,2013,N,Player
sosasa01,2013,N,Player
palmera01,2013,N,Player
willibe02,2013,N,Player
loftoke01,2013,N,Player
alomasa02,2013,N,Player
francju02,2013,N,Player
wellsda01,2013,N,Player
finlest01,2013,N,Player
greensh01,2013,N,Player
seleaa01,2013,N,Player
cirilje01,2013,N,Player
coninje01,2013,N,Player
mesajo01,2013,N,Player
stantmi01,2013,N,Player
sandere02,2013,N,Player
hernaro01,2013,N,Player
whitero02,2013,N,Player
claytro01,2013,N,Player
kleskry01,2013,N,Player
walketo04,2013,N,Player
williwo02,2013,N,Player
whitede01,2013,Y,Player
maddugr01,2014,Y,Player
glavito02,2014,Y,Player
thomafr04,2014,Y,Player
biggicr01,2014,N,Player
piazzmi01,2014,N,Player
morrija02,2014,N,Player
bagweje01,2014,N,Player
raineti01,2014,N,Player
clemero02,2014,N,Player
bondsba01,2014,N,Player
smithle02,2014,N,Player
schilcu01,2014,N,Player
martied01,2014,N,Player
trammal01,2014,N,Player
mussimi01,2014,N,Player
kentje01,2014,N,Player
mcgrifr01,2014,N,Player
mcgwima01,2014,N,Player
walkela01,2014,N,Player
mattido01,2014,N,Player
sosasa01,2014,N,Player
palmera01,2014,N,Player
aloumo01,2014,N,Player
nomohi01,2014,N,Player
gonzalu01,2014,N,Player
gagneer01,2014,N,Player
snowjt01,2014,N,Player
benitar01,2014,N,Player
rogerke01,2014,N,Player
jonesja05,2014,N,Player
timlimi01,2014,N,Player
loducpa01,2014,N,Player
sexsori01,2014,N,Player
caseyse01,2014,N,Player
jonesto02,2014,N,Player
durhara01,2014,N,Player
johnsra05,2015,Y,Player
martipe02,2015,Y,Player
smoltjo01,2015,Y,Player
biggicr01,2015,Y,Player
piazzmi01,2015,N,Player
bagweje01,2015,N,Player
raineti01,2015,N,Player
schilcu01,2015,N,Player
clemero02,2015,N,Player
bondsba01,2015,N,Player
smithle02,2015,N,Player
martied01,2015,N,Player
trammal01,2015,N,Player
mussimi01,2015,N,Player
kentje01,2015,N,Player
mcgrifr01,2015,N,Player
walkela01,2015,N,Player
sheffga01,2015,N,Player
mcgwima01,2015,N,Player
mattido01,2015,N,Player
sosasa01,2015,N,Player
garcino01,2015,N,Player
delgaca01,2015,N,Player
percitr01,2015,N,Player
gordoto01,2015,N,Player
booneaa01,2015,N,Player
erstada01,2015,N,Player
clarkto02,2015,N,Player
gilesbr02,2015,N,Player
aurilri01,2015,N,Player
guarded01,2015,N,Player
schmija01,2015,N,Player
dyeje01,2015,N,Player
floydcl01,2015,N,Player
griffke02,2016,Y,Player
piazzmi01,2016,Y,Player
bagweje01,2016,N,Player
raineti01,2016,N,Player
hoffmtr01,2016,N,Player
schilcu01,2016,N,Player
clemero02,2016,N,Player
bondsba01,2016,N,Player
martied01,2016,N,Player
mussimi01,2016,N,Player
trammal01,2016,N,Player
smithle02,2016,N,Player
mcgrifr01,2016,N,Player
kentje01,2016,N,Player
walkela01,2016,N,Player
mcgwima01,2016,N,Player
sheffga01,2016,N,Player
wagnebi02,2016,N,Player
sosasa01,2016,N,Player
edmonji01,2016,N,Player
garcino01,2016,N,Player
sweenmi01,2016,N,Player
kendaja01,2016,N,Player
eckstda01,2016,N,Player
anderga01,2016,N,Player
glaustr01,2016,N,Player
winnra01,2016,N,Player
grudzma01,2016,N,Player
ausmubr01,2016,N,Player
hamptmi01,2016,N,Player
castilu01,2016,N,Player
lowelmi01,2016,N,Player
bagweje01,2017,Y,Player
raineti01,2017,Y,Player
rodriiv01,2017,Y,Player
hoffmtr01,2017,N,Player
guerrvl01,2017,N,Player
martied01,2017,N,Player
clemero02,2017,N,Player
bondsba01,2017,N,Player
mussimi01,2017,N,Player
schilcu01,2017,N,Player
smithle02,2017,N,Player
ramirma02,2017,N,Player
walkela01,2017,N,Player
mcgrifr01,2017,N,Player
kentje01,2017,N,Player
sheffga01,2017,N,Player
wagnebi02,2017,N,Player
sosasa01,2017,N,Player
posadjo01,2017,N,Player
ordonma01,2017,N,Player
renteed01,2017,N,Player
varitja01,2017,N,Player
wakefti01,2017,N,Player
blakeca01,2017,N,Player
burrepa01,2017,N,Player
cabreor01,2017,N,Player
camermi01,2017,N,Player
drewjd01,2017,N,Player
guillca01,2017,N,Player
leede02,2017,N,Player
morame01,2017,N,Player
rhodear01,2017,N,Player
sanchfr01,2017,N,Player
stairma01,2017,N,Player
jonesch06,2018,Y,Player
guerrvl01,2018,Y,Player
thomeji01,2018,Y,Player
hoffmtr01,2018,Y,Player
martied01,2018,N,Player
mussimi01,2018,N,Player
clemero02,2018,N,Player
bondsba01,2018,N,Player
schilcu01,2018,N,Player
vizquom01,2018,N,Player
walkela01,2018,N,Player
mcgrifr01,2018,N,Player
ramirma02,2018,N,Player
kentje01,2018,N,Player
sheffga01,2018,N,Player
wagnebi02,2018,N,Player
rolensc01,2018,N,Player
sosasa01,2018,N,Player
jonesan01,2018,N,Player
moyerja01,2018,N,Player
santajo01,2018,N,Player
damonjo01,2018,N,Player
matsuhi01,2018,N,Player
carpech01,2018,N,Player
woodke02,2018,N,Player
hernali01,2018,N,Player
leeca01,2018,N,Player
hudsoor01,2018,N,Player
huffau01,2018,N,Player
isrinja01,2018,N,Player
lidgebr01,2018,N,Player
millwke01,2018,N,Player
zambrca01,2018,N,Player
morrija02,2018,Y,Player
trammal01,2018,Y,Player
